student_id,age,gender,academic_level,country,avg_daily_usage_hours,most_used_platform,affects_academic_performance,sleep_hours_per_night,mental_health_score,relationship_status,conflicts_over_social_media,addicted_score
1,19,0,2,10,5.2,1,1,6.5,6,1,3,8
2,22,1,0,39,2.1,7,0,7.5,8,2,0,3
3,20,0,2,104,6,6,1,5,5,0,4,9
4,18,1,1,101,3,11,0,7,7,2,1,4
5,21,1,0,18,4.5,0,1,6,6,1,2,7
6,19,0,2,5,7.2,1,1,4.5,4,0,5,9
7,23,1,0,33,1.5,4,0,8,9,2,0,2
8,20,0,2,16,5.8,5,1,6,6,1,2,8
9,18,1,1,46,4,6,0,6.5,7,2,1,5
10,21,0,0,89,3.3,1,0,7,7,1,1,4
11,19,1,2,31,4.8,5,1,6.2,5,0,3,7
12,20,0,2,90,5.5,6,1,5.8,6,1,2,8
13,22,1,0,44,2.8,4,0,7.2,8,2,1,4
14,18,0,1,61,6.5,1,1,5.5,5,2,4,9
15,21,1,2,82,3.7,11,0,6.8,7,1,2,5
16,20,0,2,20,4.2,6,1,6,6,0,3,7
17,24,1,0,92,2,4,0,7.8,8,2,0,3
18,19,0,1,71,5,1,1,5.7,5,1,3,8
19,21,1,2,26,3.5,0,0,6.7,7,2,1,5
20,20,0,2,67,4.7,5,1,5.9,6,0,3,7
21,18,1,1,12,5.3,6,1,5.5,5,2,4,8
22,23,0,0,93,2.5,4,0,7.3,8,1,1,4
23,19,1,2,6,4.9,1,1,5.8,6,0,3,7
24,20,0,2,79,5.7,6,1,5.4,5,2,4,8
25,22,1,0,35,3.2,0,0,6.9,7,1,2,5
26,19,0,1,42,6.1,1,1,5.2,5,0,4,9
27,21,1,2,68,3.8,11,0,6.6,7,2,1,5
28,20,0,2,85,4.4,6,1,5.9,6,1,3,7
29,24,1,0,58,2.2,4,0,7.4,8,2,0,3
30,19,0,1,97,5.9,1,1,5.3,5,0,4,8
31,21,1,2,108,3.6,0,0,6.7,7,2,1,5
32,20,0,2,77,4.8,5,1,5.7,6,1,3,7
33,18,1,1,40,5.4,6,1,5.4,5,0,4,8
34,23,0,0,95,2.6,4,0,7.2,8,2,1,4
35,19,1,2,36,4.7,1,1,5.8,6,1,3,7
36,20,0,2,99,5.6,6,1,5.5,5,0,4,8
37,22,1,0,43,3.1,0,0,6.8,7,2,1,5
38,19,0,1,100,6.2,1,1,5.1,5,1,4,9
39,21,1,2,28,3.9,11,0,6.5,7,0,2,6
40,20,0,2,65,4.5,6,1,5.8,6,2,3,7
41,24,1,0,88,2.3,4,0,7.3,8,1,1,4
42,19,0,1,69,5.8,1,1,5.4,5,0,4,8
43,21,1,2,49,3.7,0,0,6.6,7,2,2,5
44,20,0,2,34,4.6,5,1,5.7,6,1,3,7
45,18,1,1,3,5.5,6,1,5.3,5,2,4,8
46,23,0,0,19,2.7,4,0,7.1,8,0,1,4
47,19,1,2,21,4.8,1,1,5.9,6,1,3,7
48,20,0,2,76,5.5,6,1,5.6,5,2,4,8
49,22,1,0,107,3.3,0,0,6.7,7,1,2,5
50,19,0,1,27,6.3,1,1,5.2,5,0,4,9
51,21,1,2,103,3.8,11,0,6.4,7,2,2,6
52,20,0,2,75,4.7,6,1,5.8,6,1,3,7
53,24,1,0,14,2.4,4,0,7.2,8,0,1,4
54,19,0,1,22,5.7,1,1,5.5,5,2,4,8
55,21,1,2,74,3.6,0,0,6.5,7,1,2,5
56,20,0,2,45,4.9,5,1,5.6,6,0,3,7
57,18,1,1,98,5.6,6,1,5.2,5,2,4,8
58,23,0,0,8,2.8,4,0,7,8,1,1,4
59,19,1,2,38,4.6,1,1,5.9,6,0,3,7
60,20,0,2,30,5.4,6,1,5.7,5,2,4,8
61,22,1,0,78,3.1,0,0,7.1,7,2,1,5
62,19,0,2,81,5.6,1,1,5.6,5,1,3,8
63,20,1,2,37,4.2,6,1,6,6,0,3,7
64,18,0,1,25,6.1,5,1,5.2,4,2,4,9
65,23,1,0,86,2.3,4,0,7.4,8,1,1,3
66,21,0,2,23,4.8,1,1,5.8,6,2,3,7
67,20,1,2,84,3.9,11,0,6.5,7,0,2,6
68,19,0,1,87,5.7,6,1,5.4,5,1,4,8
69,22,1,0,17,2.8,4,0,7.2,8,2,1,4
70,20,0,2,29,4.5,1,1,5.9,6,0,3,7
71,18,1,1,53,5.4,5,1,5.5,5,2,4,8
72,21,0,0,56,3.2,0,0,6.8,7,1,2,5
73,19,1,2,102,4.9,6,1,5.7,6,0,3,7
74,20,0,2,62,5.8,1,1,5.3,5,2,4,8
75,23,1,0,11,2.5,4,0,7.3,8,1,1,4
76,21,0,2,48,4.6,5,1,5.8,6,2,3,7
77,19,1,1,105,5.5,6,1,5.4,5,0,4,8
78,22,0,0,52,2.9,0,0,7,7,1,2,5
79,20,1,2,96,4.7,11,1,5.9,6,2,3,7
80,18,0,1,4,5.9,1,1,5.2,5,0,4,9
81,21,1,0,32,3,4,0,7.1,8,1,1,4
82,19,0,2,7,4.8,6,1,5.7,6,2,3,7
83,20,1,2,24,3.8,0,0,6.6,7,0,2,6
84,22,0,0,60,2.7,4,0,7.2,8,1,1,4
85,18,1,1,57,5.6,5,1,5.3,5,2,4,8
86,21,0,2,63,4.5,1,1,5.8,6,0,3,7
87,19,1,1,2,5.3,6,1,5.5,5,1,4,8
88,23,0,0,83,2.6,4,0,7.3,8,2,1,4
89,20,1,2,106,4.4,11,1,6,6,0,3,7
90,18,0,1,55,5.8,1,1,5.2,5,2,4,9
91,22,1,0,64,2.9,0,0,7,7,1,2,5
92,19,0,2,1,4.7,6,1,5.8,6,0,3,7
93,21,1,2,70,3.7,5,0,6.5,7,2,2,6
94,20,0,1,50,5.5,1,1,5.4,5,1,4,8
95,23,1,0,15,2.4,4,0,7.4,8,0,1,4
96,19,0,2,80,4.9,6,1,5.7,6,2,3,7
97,18,1,1,51,5.7,5,1,5.3,5,1,4,8
98,22,0,0,9,2.8,4,0,7.1,8,0,1,4
99,20,1,2,72,4.6,1,1,5.9,6,2,3,7
100,21,0,2,47,5.4,6,1,5.5,5,1,4,8
101,19,1,1,54,5.8,11,1,5.2,5,0,4,9
102,23,0,0,41,2.5,4,0,7.3,8,2,1,4
103,20,1,2,109,4.7,0,1,5.8,6,1,3,7
104,18,0,1,94,5.6,1,1,5.4,5,2,4,8
105,22,1,0,0,2.9,4,0,7,7,0,2,5
106,19,0,2,73,4.8,6,1,5.7,6,1,3,7
107,21,1,2,66,3.8,11,0,6.6,7,2,2,6
108,20,0,1,13,5.5,5,1,5.5,5,0,4,8
109,23,1,0,91,2.6,4,0,7.2,8,1,1,4
110,19,0,2,59,4.9,1,1,5.8,6,2,3,7
111,20,1,2,10,6.1,1,1,6.2,5,2,4,8
112,21,0,2,39,5.8,6,1,5.9,6,1,3,7
113,19,1,2,66,4.9,0,0,7.1,7,2,2,5
114,22,0,0,73,5.5,1,1,6,5,2,4,8
115,20,1,2,91,5.2,6,1,6.3,6,1,3,7
116,19,0,2,59,4.8,1,0,7.2,8,2,2,5
117,21,1,0,10,6,0,1,5.8,5,1,4,8
118,20,0,2,39,5.7,1,1,6.1,6,2,3,7
119,22,1,0,66,4.7,6,0,7.3,7,2,2,5
120,19,0,2,73,5.4,1,1,6.2,5,1,4,8
121,20,1,2,91,5.9,0,1,5.9,6,2,3,7
122,21,0,0,59,4.6,1,0,7.4,8,1,2,5
123,19,1,2,10,5.3,6,1,6.3,5,2,4,8
124,22,0,0,39,5.8,1,1,5.8,6,1,3,7
125,20,1,2,66,4.5,0,0,7.5,7,2,2,5
126,21,0,0,73,5.2,1,1,6.4,5,1,4,8
127,19,1,2,91,5.7,6,1,5.7,6,2,3,7
128,20,0,2,59,4.4,1,0,7.6,8,1,2,5
129,22,1,0,10,5.1,0,1,6.5,5,2,4,8
130,21,0,0,39,5.6,1,1,5.6,6,1,3,7
131,19,1,2,66,4.3,6,0,7.7,7,2,2,5
132,20,0,2,73,5,1,1,6.6,5,1,4,8
133,22,1,0,91,5.5,0,1,5.5,6,2,3,7
134,21,0,0,59,4.2,1,0,7.8,8,1,2,5
135,19,1,2,10,4.9,6,1,6.7,5,2,4,8
136,20,0,2,39,5.4,1,1,5.4,6,1,3,7
137,22,1,0,66,4.1,0,0,7.9,7,2,2,5
138,21,0,0,73,4.8,1,1,6.8,5,1,4,8
139,19,1,2,91,5.3,6,1,5.3,6,2,3,7
140,20,0,2,59,4,1,0,8,8,1,2,5
141,22,1,0,10,4.7,0,1,6.9,5,2,4,8
142,21,0,0,39,5.2,1,1,5.2,6,1,3,7
143,19,1,2,66,3.9,6,0,8.1,7,2,2,5
144,20,0,2,73,4.6,1,1,7,5,1,4,8
145,22,1,0,91,5.1,0,1,5.1,6,2,3,7
146,21,0,0,59,3.8,1,0,8.2,8,1,2,5
147,19,1,2,10,4.5,6,1,7.1,5,2,4,8
148,20,0,2,39,5,1,1,5,6,1,3,7
149,22,1,0,66,3.7,0,0,8.3,7,2,2,5
150,21,0,0,73,4.4,1,1,7.2,5,1,4,8
151,19,1,2,91,4.9,6,1,4.9,6,2,3,7
152,20,0,2,59,3.6,1,0,8.4,8,1,2,5
153,22,1,0,10,4.3,0,1,7.3,5,2,4,8
154,21,0,0,39,4.8,1,1,4.8,6,1,3,7
155,19,1,2,66,3.5,6,0,8.5,7,2,2,5
156,20,0,2,73,4.2,1,1,7.4,5,1,4,8
157,22,1,0,91,4.7,0,1,4.7,6,2,3,7
158,21,0,0,59,3.4,1,0,8.6,8,1,2,5
159,19,1,2,10,4.1,6,1,7.5,5,2,4,8
160,20,0,2,39,4.6,1,1,4.6,6,1,3,7
161,19,0,2,10,5.3,1,1,6.1,5,2,3,7
162,21,1,0,39,4.8,0,0,7.2,7,1,2,6
163,20,0,2,66,5.5,6,1,5.9,6,2,4,8
164,22,1,0,73,4.7,1,1,6.3,5,1,3,7
165,19,0,2,91,5.1,0,0,7,7,2,2,5
166,21,1,0,59,5.4,6,1,6,6,1,4,8
167,20,0,2,10,4.9,1,1,6.4,5,2,3,7
168,22,1,0,39,5.2,0,0,7.1,7,1,2,6
169,19,0,2,66,5.6,6,1,5.8,6,2,4,8
170,21,1,0,73,4.6,1,1,6.5,5,1,3,7
171,20,0,2,91,5,0,0,7.3,7,2,2,5
172,22,1,0,59,5.3,6,1,5.7,6,1,4,8
173,19,0,2,10,4.8,1,1,6.6,5,2,3,7
174,21,1,0,39,5.1,0,0,7.4,7,1,2,6
175,20,0,2,66,5.7,6,1,5.6,6,2,4,8
176,22,1,0,73,4.5,1,1,6.7,5,1,3,7
177,19,0,2,91,4.9,0,0,7.5,7,2,2,5
178,21,1,0,59,5.2,6,1,5.5,6,1,4,8
179,20,0,2,10,4.7,1,1,6.8,5,2,3,7
180,22,1,0,39,5,0,0,7.6,7,1,2,6
181,19,0,2,66,5.8,6,1,5.4,6,2,4,8
182,21,1,0,73,4.4,1,1,6.9,5,1,3,7
183,20,0,2,91,4.8,0,0,7.7,7,2,2,5
184,22,1,0,59,5.1,6,1,5.3,6,1,4,8
185,19,0,2,10,4.6,1,1,7,5,2,3,7
186,21,1,0,39,4.9,0,0,7.8,7,1,2,6
187,20,0,2,66,5.9,6,1,5.2,6,2,4,8
188,22,1,0,73,4.3,1,1,7.1,5,1,3,7
189,19,0,2,91,4.7,0,0,7.9,7,2,2,5
190,21,1,0,59,5,6,1,5.1,6,1,4,8
191,20,0,2,10,4.5,1,1,7.2,5,2,3,7
192,22,1,0,39,4.8,0,0,8,7,1,2,6
193,19,0,2,66,6,6,1,5,6,2,4,8
194,21,1,0,73,4.2,1,1,7.3,5,1,3,7
195,20,0,2,91,4.6,0,0,8.1,7,2,2,5
196,22,1,0,59,4.9,6,1,4.9,6,1,4,8
197,19,0,2,10,4.4,1,1,7.4,5,2,3,7
198,21,1,0,39,4.7,0,0,8.2,7,1,2,6
199,20,0,2,66,6.1,6,1,4.8,6,2,4,8
200,22,1,0,73,4.1,1,1,7.5,5,1,3,7
201,19,0,2,91,4.5,0,0,8.3,7,2,2,5
202,21,1,0,59,4.8,6,1,4.7,6,1,4,8
203,20,0,2,10,4.3,1,1,7.6,5,2,3,7
204,22,1,0,39,4.6,0,0,8.4,7,1,2,6
205,19,0,2,66,6.2,6,1,4.6,6,2,4,8
206,21,1,0,73,4,1,1,7.7,5,1,3,7
207,20,0,2,91,4.4,0,0,8.5,7,2,2,5
208,22,1,0,59,4.7,6,1,4.5,6,1,4,8
209,19,0,2,10,4.2,1,1,7.8,5,2,3,7
210,21,1,0,39,4.5,0,0,8.6,7,1,2,6
211,20,0,2,66,6.3,6,1,4.4,6,2,4,8
212,22,1,0,73,3.9,1,1,7.9,5,1,3,7
213,19,0,2,91,4.3,0,0,8.7,7,2,2,5
214,21,1,0,59,4.6,6,1,4.3,6,1,4,8
215,20,0,2,10,4.1,1,1,8,5,2,3,7
216,22,1,0,39,4.4,0,0,8.8,7,1,2,6
217,19,0,2,66,6.4,6,1,4.2,6,2,4,8
218,21,1,0,73,3.8,1,1,8.1,5,1,3,7
219,20,0,2,91,4.2,0,0,8.9,7,2,2,5
220,22,1,0,59,4.5,6,1,4.1,6,1,4,8
221,19,0,2,104,6.5,1,1,6,5,2,4,9
222,21,1,0,101,5.8,6,1,6.5,6,1,3,7
223,20,0,2,5,4.5,1,0,7.5,8,2,2,5
224,22,1,0,33,4.2,0,0,7.8,7,1,2,4
225,19,0,2,46,3.8,3,0,7.9,8,2,1,3
226,21,1,0,44,5.5,1,1,6.8,6,2,3,7
227,20,0,2,89,5.2,2,1,6.5,6,1,3,6
228,22,1,0,82,4.8,8,0,7.2,7,2,2,5
229,19,0,2,104,7,6,1,5.8,4,1,4,9
230,21,1,0,101,5.5,1,1,6.7,6,2,3,7
231,20,0,2,5,4.7,0,0,7.4,7,1,2,5
232,22,1,0,33,4,1,0,7.9,8,2,1,4
233,19,0,2,46,3.5,3,0,8,8,2,1,3
234,21,1,0,44,5.7,6,1,6.5,5,1,3,8
235,20,0,2,89,5,2,1,6.8,6,2,3,6
236,22,1,0,82,4.5,8,0,7.4,7,1,2,5
237,19,0,2,104,6.8,1,1,5.9,4,2,4,9
238,21,1,0,101,5.6,0,1,6.6,6,1,3,7
239,20,0,2,5,4.6,1,0,7.3,7,2,2,5
240,22,1,0,33,4.1,0,0,7.7,8,1,2,4
241,19,0,2,46,3.7,3,0,7.8,8,2,1,3
242,21,1,0,44,5.4,1,1,6.7,5,2,3,7
243,20,0,2,89,5.1,2,1,6.6,6,1,3,6
244,22,1,0,82,4.7,8,0,7.3,7,2,2,5
245,19,0,2,104,6.9,6,1,5.7,4,1,4,9
246,21,1,0,101,5.7,1,1,6.4,6,2,3,7
247,20,0,2,5,4.8,0,0,7.2,7,1,2,5
248,22,1,0,33,3.9,1,0,7.8,8,2,1,4
249,19,0,2,46,3.6,3,0,8.1,8,2,1,3
250,21,1,0,44,5.6,6,1,6.6,5,1,3,8
251,20,0,2,89,4.9,2,1,6.9,6,2,3,6
252,22,1,0,82,4.6,8,0,7.5,7,1,2,5
253,19,0,2,104,6.7,1,1,5.8,4,2,4,9
254,21,1,0,101,5.4,0,1,6.5,6,1,3,7
255,20,0,2,5,4.4,1,0,7.4,7,2,2,5
256,22,1,0,33,4,0,0,7.6,8,1,2,4
257,19,0,2,46,3.4,3,0,8.2,8,2,1,3
258,21,1,0,44,5.3,1,1,6.8,5,2,3,7
259,20,0,2,89,5,2,1,6.7,6,1,3,6
260,22,1,0,82,4.4,8,0,7.6,7,2,2,5
261,19,0,2,104,6.6,6,1,5.6,4,1,4,9
262,21,1,0,101,5.3,1,1,6.3,6,2,3,7
263,20,0,2,5,4.3,0,0,7.5,7,1,2,5
264,22,1,0,33,3.8,1,0,7.7,8,2,1,4
265,19,0,2,46,3.3,3,0,8.3,8,2,1,3
266,21,1,0,44,5.2,6,1,6.9,5,1,3,8
267,20,0,2,89,4.8,2,1,7,6,2,3,6
268,22,1,0,82,4.3,8,0,7.7,7,1,2,5
269,19,0,2,104,6.4,1,1,5.7,4,2,4,9
270,21,1,0,101,5.2,0,1,6.4,6,1,3,7
271,20,0,2,5,4.5,1,0,7.3,7,2,2,5
272,22,1,0,33,3.7,0,0,7.8,8,1,1,4
273,19,0,2,46,3.2,3,0,8.4,8,2,1,3
274,21,1,0,44,5.4,1,1,6.7,5,2,3,7
275,20,0,2,89,4.7,2,1,7.1,6,1,3,6
276,22,1,0,82,4.2,8,0,7.8,7,2,2,5
277,19,0,2,104,6.6,6,1,5.5,4,1,4,9
278,21,1,0,101,5.1,1,1,6.5,6,2,3,7
279,20,0,2,5,4.4,0,0,7.4,7,1,2,5
280,22,1,0,33,3.6,1,0,7.9,8,2,1,4
281,19,0,2,46,3.1,3,0,8.5,8,2,1,3
282,21,1,0,44,5.3,6,1,6.8,5,1,3,8
283,20,0,2,89,4.6,2,1,7.2,6,2,3,6
284,22,1,0,82,4.1,8,0,7.9,7,1,2,5
285,19,0,2,104,6.7,1,1,5.4,4,2,4,9
286,21,1,0,101,5,0,1,6.6,6,1,3,7
287,20,0,2,5,4.3,1,0,7.5,7,2,2,5
288,22,1,0,33,3.5,0,0,8,8,1,1,4
289,19,0,2,46,3,3,0,8.6,8,2,1,3
290,21,1,0,44,5.2,1,1,6.9,5,2,3,7
291,20,0,2,89,4.5,2,1,7.3,6,1,3,6
292,22,1,0,82,4,8,0,8,7,2,2,5
293,19,0,2,104,6.8,6,1,5.3,4,1,4,9
294,21,1,0,101,4.9,1,1,6.7,6,2,3,7
295,20,0,2,5,4.2,0,0,7.6,7,1,2,5
296,22,1,0,33,3.4,1,0,8.1,8,2,1,4
297,19,0,2,46,2.9,3,0,8.7,8,2,1,3
298,21,1,0,44,5.1,6,1,7,5,1,3,8
299,20,0,2,89,4.4,2,1,7.4,6,2,3,6
300,22,1,0,82,3.9,8,0,8.1,7,1,2,5
301,19,0,2,104,6.9,1,1,5.2,4,2,4,9
302,21,1,0,101,4.8,0,1,6.8,6,1,3,7
303,20,0,2,5,4.1,1,0,7.7,7,2,2,5
304,22,1,0,33,3.3,0,0,8.2,8,1,1,4
305,19,0,2,46,2.8,3,0,8.8,8,2,1,3
306,21,1,0,44,5,1,1,7.1,5,2,3,7
307,20,0,2,89,4.3,2,1,7.5,6,1,3,6
308,22,1,0,82,3.8,8,0,8.2,7,2,2,5
309,19,0,2,104,7,6,1,5.1,4,1,4,9
310,21,1,0,101,4.7,1,1,6.9,6,2,3,7
311,20,0,2,5,4,0,0,7.8,7,1,2,5
312,22,1,0,33,3.2,1,0,8.3,8,2,1,4
313,19,0,2,46,2.7,3,0,8.9,8,2,1,3
314,21,1,0,44,4.9,6,1,7.2,5,1,3,8
315,20,0,2,89,4.2,2,1,7.6,6,2,3,6
316,22,1,0,82,3.7,8,0,8.3,7,1,2,5
317,19,0,2,104,7.1,1,1,5,4,2,4,9
318,21,1,0,101,4.6,0,1,7,6,1,3,7
319,20,0,2,5,3.9,1,0,7.9,7,2,2,5
320,22,1,0,33,3.1,0,0,8.4,8,1,1,4
321,19,0,2,90,5.2,1,1,6.8,6,2,3,7
322,21,1,0,26,4.1,0,0,7.8,8,1,2,4
323,20,0,2,42,5,1,1,7,7,2,3,6
324,22,1,0,39,5.8,10,1,6.5,5,1,4,8
325,19,0,2,93,4,1,0,7.9,8,2,2,4
326,21,1,0,99,5.5,1,1,6.7,6,2,3,7
327,20,0,2,104,6.8,6,1,5.5,5,1,4,9
328,22,1,0,61,5.6,10,1,6.6,6,2,3,7
329,19,0,2,31,4.5,1,0,7.5,7,1,2,5
330,21,1,0,18,5.3,1,1,6.9,6,2,3,7
331,20,0,2,90,5.1,6,1,6.7,6,2,3,7
332,22,1,0,26,3.9,0,0,7.9,8,1,2,4
333,19,0,2,42,4.8,1,1,7.1,7,2,3,6
334,21,1,0,39,5.9,10,1,6.4,5,1,4,8
335,20,0,2,93,3.8,1,0,8,8,2,2,4
336,22,1,0,99,5.4,6,1,6.8,6,2,3,7
337,19,0,2,104,6.9,1,1,5.4,5,1,4,9
338,21,1,0,61,5.7,10,1,6.5,6,2,3,7
339,20,0,2,31,4.4,1,0,7.6,7,1,2,5
340,22,1,0,18,5.2,6,1,7,6,2,3,7
341,19,0,2,90,5,1,1,6.9,6,2,3,7
342,21,1,0,26,3.8,0,0,8,8,1,2,4
343,20,0,2,42,4.7,6,1,7.2,7,2,3,6
344,22,1,0,39,6,10,1,6.3,5,1,4,8
345,19,0,2,93,3.7,1,0,8.1,8,2,2,4
346,21,1,0,99,5.3,1,1,6.9,6,2,3,7
347,20,0,2,104,7,6,1,5.3,5,1,4,9
348,22,1,0,61,5.8,10,1,6.4,6,2,3,7
349,19,0,2,31,4.3,1,0,7.7,7,1,2,5
350,21,1,0,18,5.1,1,1,7.1,6,2,3,7
351,20,0,2,90,4.9,6,1,7,6,2,3,7
352,22,1,0,26,3.7,0,0,8.1,8,1,2,4
353,19,0,2,42,4.6,1,1,7.3,7,2,3,6
354,21,1,0,39,6.1,10,1,6.2,5,1,4,8
355,20,0,2,93,3.6,1,0,8.2,8,2,2,4
356,22,1,0,99,5.2,6,1,7,6,2,3,7
357,19,0,2,104,7.1,1,1,5.2,5,1,4,9
358,21,1,0,61,5.9,10,1,6.3,6,2,3,7
359,20,0,2,31,4.2,1,0,7.8,7,1,2,5
360,22,1,0,18,5,6,1,7.2,6,2,3,7
361,19,0,2,90,4.8,1,1,7.1,6,2,3,7
362,21,1,0,26,3.6,0,0,8.2,8,1,2,4
363,20,0,2,42,4.5,6,1,7.4,7,2,3,6
364,22,1,0,39,6.2,10,1,6.1,5,1,4,8
365,19,0,2,93,3.5,1,0,8.3,8,2,2,4
366,21,1,0,99,5.1,1,1,7.1,6,2,3,7
367,20,0,2,104,7.2,6,1,5.1,5,1,4,9
368,22,1,0,61,6,10,1,6.2,6,2,3,7
369,19,0,2,31,4.1,1,0,7.9,7,1,2,5
370,21,1,0,18,4.9,1,1,7.3,6,2,3,7
371,20,0,2,90,4.7,6,1,7.2,6,2,3,7
372,22,1,0,26,3.5,0,0,8.3,8,1,2,4
373,19,0,2,42,4.4,1,1,7.5,7,2,3,6
374,21,1,0,39,6.3,10,1,6,5,1,4,8
375,20,0,2,93,3.4,1,0,8.4,8,2,2,4
376,22,1,0,99,5,6,1,7.2,6,2,3,7
377,19,0,2,104,7.3,1,1,5,5,1,4,9
378,21,1,0,61,6.1,10,1,6.1,6,2,3,7
379,20,0,2,31,4,1,0,8,7,1,2,5
380,22,1,0,18,4.8,6,1,7.4,6,2,3,7
381,19,0,2,90,4.6,1,1,7.3,6,2,3,7
382,21,1,0,26,3.4,0,0,8.4,8,1,2,4
383,20,0,2,42,4.3,6,1,7.6,7,2,3,6
384,22,1,0,39,6.4,10,1,5.9,5,1,4,8
385,19,0,2,93,3.3,1,0,8.5,8,2,2,4
386,21,1,0,99,4.9,1,1,7.3,6,2,3,7
387,20,0,2,104,7.4,6,1,4.9,5,1,4,9
388,22,1,0,61,6.2,10,1,6,6,2,3,7
389,19,0,2,31,3.9,1,0,8.1,7,1,2,5
390,21,1,0,18,4.7,1,1,7.5,6,2,3,7
391,20,0,2,90,4.5,6,1,7.4,6,2,3,7
392,22,1,0,26,3.3,0,0,8.5,8,1,2,4
393,19,0,2,42,4.2,1,1,7.7,7,2,3,6
394,21,1,0,39,6.5,10,1,5.8,5,1,4,8
395,20,0,2,93,3.2,1,0,8.6,8,2,2,4
396,22,1,0,99,4.8,6,1,7.4,6,2,3,7
397,19,0,2,104,7.5,1,1,4.8,5,1,4,9
398,21,1,0,61,6.3,10,1,5.9,6,2,3,7
399,20,0,2,31,3.8,1,0,8.2,7,1,2,5
400,22,1,0,18,4.6,6,1,7.6,6,2,3,7
401,19,0,2,90,4.4,1,1,7.5,6,2,3,7
402,21,1,0,26,3.2,0,0,8.6,8,1,2,4
403,20,0,2,42,4.1,6,1,7.8,7,2,3,6
404,22,1,0,39,6.6,10,1,5.7,5,1,4,8
405,19,0,2,93,3.1,1,0,8.7,8,2,2,4
406,21,1,0,99,4.7,1,1,7.5,6,2,3,7
407,20,0,2,104,7.6,6,1,4.7,5,1,4,9
408,22,1,0,61,6.4,10,1,5.8,6,2,3,7
409,19,0,2,31,3.7,1,0,8.3,7,1,2,5
410,21,1,0,18,4.5,1,1,7.7,6,2,3,7
411,20,0,2,90,4.3,6,1,7.6,6,2,3,7
412,22,1,0,26,3.1,0,0,8.7,8,1,2,4
413,19,0,2,42,4,1,1,7.9,7,2,3,6
414,21,1,0,39,6.7,10,1,5.6,5,1,4,8
415,20,0,2,93,3,1,0,8.8,8,2,2,4
416,22,1,0,99,4.6,6,1,7.6,6,2,3,7
417,19,0,2,104,7.7,1,1,4.6,5,1,4,9
418,21,1,0,61,6.5,10,1,5.7,6,2,3,7
419,20,0,2,31,3.6,1,0,8.4,7,1,2,5
420,22,1,0,18,4.4,6,1,7.8,6,2,3,7
421,19,0,2,90,4.2,1,1,7.7,6,2,3,7
422,21,1,0,26,3,0,0,8.8,8,1,2,4
423,20,0,2,42,3.9,6,1,8,7,2,3,6
424,22,1,0,39,6.8,10,1,5.5,5,1,4,8
425,19,0,2,93,2.9,1,0,8.9,8,2,2,4
426,21,1,0,99,4.5,1,1,7.7,6,2,3,7
427,20,0,2,104,7.8,6,1,4.5,5,1,4,9
428,22,1,0,61,6.6,10,1,5.6,6,2,3,7
429,19,0,2,31,3.5,1,0,8.5,7,1,2,5
430,21,1,0,18,4.3,1,1,7.9,6,2,3,7
431,20,0,2,90,4.1,6,1,7.8,6,2,3,7
432,22,1,0,26,2.9,0,0,8.9,8,1,2,4
433,19,0,2,42,3.8,1,1,8.1,7,2,3,6
434,21,1,0,39,6.9,10,1,5.4,5,1,4,8
435,20,0,2,93,2.8,1,0,9,8,2,2,4
436,22,1,0,99,4.4,6,1,7.8,6,2,3,7
437,19,0,2,104,7.9,1,1,4.4,5,1,4,9
438,21,1,0,61,6.7,10,1,5.5,6,2,3,7
439,20,0,2,31,3.4,1,0,8.6,7,1,2,5
440,22,1,0,18,4.2,6,1,8,6,2,3,7
441,19,0,2,90,4,1,1,7.9,6,2,3,7
442,21,1,0,26,2.8,0,0,9,8,1,2,4
443,20,0,2,42,3.7,6,1,8.2,7,2,3,6
444,22,1,0,39,7,10,1,5.3,5,1,4,8
445,19,0,2,93,2.7,1,0,9.1,8,2,2,4
446,21,1,0,99,4.3,1,1,7.9,6,2,3,7
447,20,0,2,104,8,6,1,4.3,5,1,4,9
448,22,1,0,61,6.8,10,1,5.4,6,2,3,7
449,19,0,2,31,3.3,1,0,8.7,7,1,2,5
450,21,1,0,18,4.1,1,1,8.1,6,2,3,7
451,20,0,2,90,3.9,6,1,8,6,2,3,7
452,22,1,0,26,2.7,0,0,9.1,8,1,2,4
453,19,0,2,42,3.6,1,1,8.3,7,2,3,6
454,21,1,0,39,7.1,10,1,5.2,5,1,4,8
455,20,0,2,93,2.6,1,0,9.2,8,2,2,4
456,22,1,0,99,4.2,6,1,8,6,2,3,7
457,19,0,2,104,8.1,1,1,4.2,5,1,4,9
458,21,1,0,61,6.9,10,1,5.3,6,2,3,7
459,20,0,2,31,3.2,1,0,8.8,7,1,2,5
460,22,1,0,18,4,6,1,8.2,6,2,3,7
461,19,0,2,90,3.8,1,1,8.1,6,2,3,7
462,21,1,0,26,2.6,0,0,9.2,8,1,2,4
463,20,0,2,42,3.5,6,1,8.4,7,2,3,6
464,22,1,0,39,7.2,10,1,5.1,5,1,4,8
465,19,0,2,93,2.5,1,0,9.3,8,2,2,4
466,21,1,0,99,4.1,1,1,8.1,6,2,3,7
467,20,0,2,104,8.2,6,1,4.1,5,1,4,9
468,22,1,0,61,7,10,1,5.2,6,2,3,7
469,19,0,2,31,3.1,1,0,8.9,7,1,2,5
470,21,1,0,18,3.9,1,1,8.3,6,2,3,7
471,20,0,2,90,3.7,6,1,8.2,6,2,3,7
472,22,1,0,26,2.5,0,0,9.3,8,1,2,4
473,19,0,2,42,3.4,1,1,8.5,7,2,3,6
474,21,1,0,39,7.3,10,1,5,5,1,4,8
475,20,0,2,93,2.4,1,0,9.4,8,2,2,4
476,22,1,0,99,4,6,1,8.2,6,2,3,7
477,19,0,2,104,8.3,1,1,4,5,1,4,9
478,21,1,0,61,7.1,10,1,5.1,6,2,3,7
479,20,0,2,31,3,1,0,9,7,1,2,5
480,22,1,0,18,3.8,6,1,8.4,6,2,3,7
481,19,0,2,90,3.6,1,1,8.3,6,2,3,7
482,21,1,0,26,2.4,0,0,9.4,8,1,2,4
483,20,0,2,42,3.3,6,1,8.6,7,2,3,6
484,22,1,0,39,7.4,10,1,4.9,5,1,4,8
485,19,0,2,93,2.3,1,0,9.5,8,2,2,4
486,21,1,0,99,3.9,1,1,8.3,6,2,3,7
487,20,0,2,104,8.4,6,1,3.9,5,1,4,9
488,22,1,0,61,7.2,10,1,5,6,2,3,7
489,19,0,2,31,2.9,1,0,9.1,7,1,2,5
490,21,1,0,18,3.7,1,1,8.5,6,2,3,7
491,20,0,2,90,3.5,6,1,8.4,6,2,3,7
492,22,1,0,26,2.3,0,0,9.5,8,1,2,4
493,19,0,2,42,3.2,1,1,8.7,7,2,3,6
494,21,1,0,39,7.5,10,1,4.8,5,1,4,8
495,20,0,2,93,2.2,1,0,9.6,8,2,2,4
496,22,1,0,99,3.8,6,1,8.4,6,2,3,7
497,19,0,2,104,8.5,1,1,3.8,5,1,4,9
498,21,1,0,61,7.3,10,1,4.9,6,2,3,7
499,20,0,2,31,2.8,1,0,9.2,7,1,2,5
500,22,1,0,18,3.6,6,1,8.6,6,2,3,7
501,19,0,2,16,6.2,10,1,6.3,6,2,3,7
502,21,1,0,20,4.5,9,0,7.8,7,1,2,5
503,20,0,2,67,3.8,1,0,8.2,8,2,2,4
504,22,1,0,68,4.7,1,1,7.5,7,1,3,6
505,19,0,2,85,5.1,6,1,7,6,2,3,7
506,21,1,0,58,5.5,10,1,6.8,6,2,3,7
507,20,0,2,100,6.5,1,1,6.5,5,1,4,8
508,22,1,0,78,4.2,0,0,7.9,7,2,2,5
509,19,0,2,39,6.8,10,1,6,5,1,4,8
510,21,1,0,18,4.8,1,1,7.4,7,2,3,6
511,20,0,2,16,6.1,1,1,6.4,6,2,3,7
512,22,1,0,20,4.4,9,0,7.9,7,1,2,5
513,19,0,2,67,3.7,6,0,8.3,8,2,2,4
514,21,1,0,68,4.6,1,1,7.6,7,1,3,6
515,20,0,2,85,5.2,6,1,6.9,6,2,3,7
516,22,1,0,58,5.6,10,1,6.7,6,2,3,7
517,19,0,2,100,6.6,1,1,6.4,5,1,4,8
518,21,1,0,78,4.1,0,0,8,7,2,2,5
519,20,0,2,39,6.9,10,1,5.9,5,1,4,8
520,22,1,0,18,4.7,6,1,7.5,7,2,3,6
521,19,0,2,16,6,10,1,6.5,6,2,3,7
522,21,1,0,20,4.3,9,0,8,7,1,2,5
523,20,0,2,67,3.6,1,0,8.4,8,2,2,4
524,22,1,0,68,4.5,0,1,7.7,7,1,3,6
525,19,0,2,85,5.3,6,1,6.8,6,2,3,7
526,21,1,0,58,5.7,10,1,6.6,6,2,3,7
527,20,0,2,100,6.7,1,1,6.3,5,1,4,8
528,22,1,0,78,4,0,0,8.1,7,2,2,5
529,19,0,2,39,7,10,1,5.8,5,1,4,8
530,21,1,0,18,4.6,1,1,7.6,7,2,3,6
531,20,0,2,16,5.9,6,1,6.6,6,2,3,7
532,22,1,0,20,4.2,9,0,8.1,7,1,2,5
533,19,0,2,67,3.5,1,0,8.5,8,2,2,4
534,21,1,0,68,4.4,0,1,7.8,7,1,3,6
535,20,0,2,85,5.4,6,1,6.7,6,2,3,7
536,22,1,0,58,5.8,10,1,6.5,6,2,3,7
537,19,0,2,100,6.8,1,1,6.2,5,1,4,8
538,21,1,0,78,3.9,0,0,8.2,7,2,2,5
539,20,0,2,39,7.1,10,1,5.7,5,1,4,8
540,22,1,0,18,4.5,6,1,7.7,7,2,3,6
541,19,0,2,16,5.8,10,1,6.7,6,2,3,7
542,21,1,0,20,4.1,9,0,8.2,7,1,2,5
543,20,0,2,67,3.4,1,0,8.6,8,2,2,4
544,22,1,0,68,4.3,1,1,7.9,7,1,3,6
545,19,0,2,85,5.5,6,1,6.6,6,2,3,7
546,21,1,0,58,5.9,10,1,6.4,6,2,3,7
547,20,0,2,100,6.9,1,1,6.1,5,1,4,8
548,22,1,0,78,3.8,0,0,8.3,7,2,2,5
549,19,0,2,39,7.2,10,1,5.6,5,1,4,8
550,21,1,0,18,4.4,1,1,7.8,7,2,3,6
551,20,0,2,16,5.7,6,1,6.8,6,2,3,7
552,22,1,0,20,4,9,0,8.3,7,1,2,5
553,19,0,2,67,3.3,1,0,8.7,8,2,2,4
554,21,1,0,68,4.2,0,1,8,7,1,3,6
555,20,0,2,85,5.6,6,1,6.5,6,2,3,7
556,22,1,0,58,6,10,1,6.3,6,2,3,7
557,19,0,2,100,7,1,1,6,5,1,4,8
558,21,1,0,78,3.7,0,0,8.4,7,2,2,5
559,20,0,2,39,7.3,10,1,5.5,5,1,4,8
560,22,1,0,18,4.3,6,1,7.9,7,2,3,6
561,19,0,2,16,5.6,10,1,6.9,6,2,3,7
562,21,1,0,20,3.9,9,0,8.4,7,1,2,5
563,20,0,2,67,3.2,1,0,8.8,8,2,2,4
564,22,1,0,68,4.1,1,1,8.1,7,1,3,6
565,19,0,2,85,5.7,6,1,6.4,6,2,3,7
566,21,1,0,58,6.1,10,1,6.2,6,2,3,7
567,20,0,2,100,7.1,1,1,5.9,5,1,4,8
568,22,1,0,78,3.6,0,0,8.5,7,2,2,5
569,19,0,2,39,7.4,10,1,5.4,5,1,4,8
570,21,1,0,18,4.2,1,1,8,7,2,3,6
571,20,0,2,90,6.1,1,1,7.2,5,2,4,7
572,23,1,0,26,3.8,7,0,7.8,8,1,2,4
573,19,0,2,42,5.5,6,1,6.8,6,2,4,8
574,22,1,0,39,7.2,0,1,5.9,4,2,5,9
575,21,0,2,93,4.2,1,0,7.5,7,1,2,5
576,24,1,0,99,6.8,6,1,6.2,5,2,4,8
577,20,0,2,104,5.9,1,1,6.7,6,1,3,7
578,22,1,0,61,6.5,0,1,6.1,5,2,4,8
579,19,0,2,31,4.7,7,0,7.4,7,2,2,5
580,23,1,0,18,5.2,1,1,7,6,1,3,6
581,21,0,2,101,6.3,6,1,6.4,5,2,4,8
582,24,1,0,44,4.9,0,0,7.3,7,1,2,5
583,20,0,2,82,6.7,1,1,6,5,2,4,8
584,22,1,0,20,5.8,9,1,6.5,6,1,3,7
585,19,0,2,46,4.5,7,0,7.6,8,2,2,4
586,23,1,0,78,6.4,0,1,6.3,5,2,4,8
587,21,0,2,30,4.1,1,0,7.7,7,1,2,5
588,24,1,0,90,6.6,6,1,6.2,5,2,4,8
589,20,0,2,26,4.4,1,0,7.4,7,1,2,5
590,22,1,0,42,5.7,7,1,6.8,6,2,3,7
591,19,0,2,39,7,1,1,5.8,4,2,5,9
592,23,1,0,93,4.3,0,0,7.5,7,1,2,5
593,21,0,2,99,6.9,6,1,6.1,5,2,4,8
594,24,1,0,104,5.6,1,1,6.9,6,1,3,7
595,20,0,2,61,6.2,0,1,6.3,5,2,4,8
596,21,1,2,31,5.8,1,1,6.7,6,2,3,7
597,23,0,0,18,4.9,6,0,7.3,7,1,2,5
598,20,1,2,101,6.4,0,1,6.2,5,2,4,8
599,22,0,0,44,5.1,7,0,7.1,7,1,2,5
600,19,1,2,82,6.7,1,1,6,4,2,4,8
601,24,0,0,20,5.5,9,1,6.8,6,1,3,7
602,21,1,2,46,4.3,7,0,7.6,8,2,2,4
603,23,0,0,78,6.2,1,1,6.4,5,2,4,8
604,20,1,2,30,4.5,0,0,7.4,7,1,2,5
605,22,0,0,90,6.3,6,1,6.3,5,2,4,8
606,19,1,2,26,4.7,1,0,7.2,7,1,2,5
607,24,0,0,42,5.9,7,1,6.6,6,2,3,7
608,21,1,2,39,7.1,0,1,5.7,4,2,5,9
609,23,0,0,93,4.4,1,0,7.4,7,1,2,5
610,20,1,2,99,6.6,6,1,6.2,5,2,4,8
611,22,0,0,104,5.4,1,1,6.9,6,1,3,7
612,19,1,2,61,6.5,0,1,6.1,5,2,4,8
613,24,0,0,31,4.8,7,0,7.3,7,1,2,5
614,21,1,2,18,5.7,1,1,6.7,6,2,3,7
615,23,0,0,101,6.1,6,1,6.4,5,2,4,8
616,20,1,2,44,4.6,0,0,7.2,7,1,2,5
617,22,0,0,82,6.8,1,1,5.9,4,2,5,9
618,19,1,2,20,5.6,9,1,6.8,6,1,3,7
619,24,0,0,46,4.2,7,0,7.5,8,2,2,4
620,21,1,2,78,6.3,6,1,6.3,5,2,4,8
621,23,0,0,30,4.4,1,0,7.4,7,1,2,5
622,20,1,2,90,6.5,0,1,6.2,5,2,4,8
623,22,0,0,26,4.6,7,0,7.3,7,1,2,5
624,19,1,2,42,5.8,1,1,6.6,6,2,3,7
625,24,0,0,39,7,6,1,5.8,4,2,5,9
626,21,1,2,93,4.5,0,0,7.3,7,1,2,5
627,23,0,0,99,6.7,1,1,6.1,5,2,4,8
628,20,1,2,104,5.5,7,1,6.8,6,1,3,7
629,22,0,0,61,6.4,0,1,6.2,5,2,4,8
630,19,1,2,31,4.7,1,0,7.2,7,1,2,5
631,24,0,0,18,5.6,6,1,6.7,6,2,3,7
632,21,1,2,101,6.2,0,1,6.3,5,2,4,8
633,23,0,0,44,4.8,7,0,7.1,7,1,2,5
634,20,1,2,82,6.9,1,1,5.9,4,2,5,9
635,22,0,0,20,5.7,9,1,6.7,6,1,3,7
636,19,1,2,46,4.4,7,0,7.4,8,2,2,4
637,24,0,0,78,6.1,6,1,6.4,5,2,4,8
638,21,1,2,30,4.3,1,0,7.5,7,1,2,5
639,23,0,0,90,6.4,0,1,6.2,5,2,4,8
640,20,1,2,26,4.5,7,0,7.3,7,1,2,5
641,22,0,0,42,5.9,1,1,6.5,6,2,3,7
642,19,1,2,39,7.2,6,1,5.7,4,2,5,9
643,24,0,0,93,4.6,0,0,7.2,7,1,2,5
644,21,1,2,99,6.8,1,1,6,5,2,4,8
645,23,0,0,104,5.3,7,1,6.8,6,1,3,7
646,22,1,0,61,6.3,0,1,6.2,5,2,4,8
647,20,0,2,31,4.8,1,0,7.1,7,1,2,5
648,23,1,0,18,5.7,6,1,6.6,6,2,3,7
649,21,0,2,101,6.2,7,1,6.3,5,2,4,8
650,24,1,0,44,4.7,0,0,7.2,7,1,2,5
651,19,0,2,82,6.8,1,1,5.9,4,2,5,9
652,22,1,0,20,5.6,9,1,6.7,6,1,3,7
653,20,0,2,46,4.3,7,0,7.5,8,2,2,4
654,23,1,0,78,6.2,6,1,6.3,5,2,4,8
655,21,0,2,30,4.4,1,0,7.4,7,1,2,5
656,24,1,0,90,6.5,0,1,6.1,5,2,4,8
657,19,0,2,26,4.6,7,0,7.3,7,1,2,5
658,22,1,0,42,5.8,1,1,6.6,6,2,3,7
659,20,0,2,39,7.1,6,1,5.8,4,2,5,9
660,23,1,0,93,4.5,0,0,7.3,7,1,2,5
661,21,0,2,99,6.7,1,1,6,5,2,4,8
662,24,1,0,104,5.4,7,1,6.8,6,1,3,7
663,19,0,2,61,6.4,6,1,6.2,5,2,4,8
664,22,1,0,31,4.7,0,0,7.2,7,1,2,5
665,20,0,2,18,5.6,1,1,6.7,6,2,3,7
666,23,1,0,101,6.3,7,1,6.2,5,2,4,8
667,21,0,2,44,4.8,6,0,7.1,7,1,2,5
668,24,1,0,82,6.9,1,1,5.9,4,2,5,9
669,19,0,2,20,5.7,9,1,6.7,6,1,3,7
670,22,1,0,46,4.4,7,0,7.4,8,2,2,4
671,20,0,2,78,6.1,0,1,6.4,5,2,4,8
672,23,1,0,30,4.3,1,0,7.5,7,1,2,5
673,21,0,2,90,6.4,6,1,6.2,5,2,4,8
674,24,1,0,26,4.5,7,0,7.3,7,1,2,5
675,19,0,2,42,5.9,1,1,6.5,6,2,3,7
676,22,1,0,39,7.2,0,1,5.7,4,2,5,9
677,20,0,2,93,4.6,6,0,7.2,7,1,2,5
678,23,1,0,99,6.8,1,1,6,5,2,4,8
679,21,0,2,104,5.3,7,1,6.8,6,1,3,7
680,24,1,0,61,6.2,0,1,6.3,5,2,4,8
681,19,0,2,31,4.7,1,0,7.2,7,1,2,5
682,22,1,0,18,5.8,6,1,6.6,6,2,3,7
683,20,0,2,101,6.1,7,1,6.4,5,2,4,8
684,23,1,0,44,4.8,0,0,7.1,7,1,2,5
685,21,0,2,82,6.7,1,1,6,4,2,5,9
686,24,1,0,20,5.5,9,1,6.8,6,1,3,7
687,19,0,2,46,4.2,7,0,7.5,8,2,2,4
688,22,1,0,78,6.3,6,1,6.2,5,2,4,8
689,20,0,2,30,4.4,1,0,7.4,7,1,2,5
690,23,1,0,90,6.5,0,1,6.1,5,2,4,8
691,21,0,2,26,4.6,7,0,7.3,7,1,2,5
692,24,1,0,42,5.9,1,1,6.5,6,2,3,7
693,19,0,2,39,7,6,1,5.8,4,2,5,9
694,22,1,0,93,4.5,0,0,7.3,7,1,2,5
695,20,0,2,99,6.6,1,1,6.1,5,2,4,8
696,23,1,0,104,5.5,7,1,6.7,6,1,3,7
697,21,0,2,61,6.3,6,1,6.2,5,2,4,8
698,24,1,0,31,4.8,0,0,7.1,7,1,2,5
699,19,0,2,18,5.7,1,1,6.6,6,2,3,7
700,22,1,0,101,6.2,7,1,6.3,5,2,4,8
701,20,0,2,44,4.7,6,0,7.2,7,1,2,5
702,23,1,0,82,6.8,1,1,5.9,4,2,5,9
703,21,0,2,20,5.6,9,1,6.7,6,1,3,7
704,24,1,0,46,4.3,7,0,7.5,8,2,2,4
705,19,0,2,78,6.2,0,1,6.3,5,2,4,8
706,21,1,3,61,6,11,0,5,6,2,0,5
707,20,1,3,61,6,1,0,11,8,1,3,5
708,20,1,3,61,5,6,0,4,10,2,2,2
709,21,1,3,61,4,6,0,8,7,2,1,6
710,20,1,3,61,2,1,0,7,3,1,1,1
711,21,2,4,41,10,1,0,4,1,1,1,8
712,30,0,1,61,3,0,0,0,8,0,1,4
713,24,1,3,17,7,9,1,7,7,0,1,6
714,16,0,2,61,0,0,0,0,8,2,1,0
715,19,1,3,17,18,10,0,6,5,2,0,8
716,47,1,2,61,6,0,0,7,7,0,0,6
717,25,1,3,25,5,11,0,5,5,2,0,5
718,20,0,1,61,3,6,0,8,10,1,0,3
719,9,1,0,61,1,6,0,9,10,2,0,10
720,35,1,4,61,6,12,0,7,10,2,0,4
721,17,0,1,61,6,6,0,9,10,2,3,8
722,20,1,3,61,1,11,1,7,4,1,2,3
723,20,0,3,61,3,1,1,10,7,1,0,8
724,31,0,2,61,6,0,1,7,8,0,0,7
725,28,1,4,61,3,0,0,7,8,1,0,7
726,28,1,4,61,3,0,0,7,8,1,0,7
727,23,1,3,17,1,10,0,8,10,0,2,1
728,36,0,4,61,3,0,0,7,10,0,0,5
729,35,1,4,61,8,12,1,5,7,2,5,10
730,17,0,1,61,4,6,0,7,10,2,3,3
731,17,0,1,61,4,6,0,7,10,2,3,3
732,20,0,1,61,10,0,0,9,8,2,1,7
733,20,1,1,61,5,6,0,5,5,1,4,10
734,10,1,3,16,0,12,0,10,10,1,5,10
735,33,0,4,61,5,6,0,8,10,0,1,7
736,40,0,3,61,3,12,0,7,10,0,0,4
737,22,1,1,64,3,7,0,6,6,2,0,7
738,19,0,2,61,5,12,0,8,8,0,2,3
739,39,0,4,61,5,0,0,9,9,0,0,5
740,21,1,1,64,6,6,0,7,7,2,1,4
741,21,1,3,61,2,6,1,8,9,1,0,3
742,21,1,3,61,2,6,1,8,9,1,0,3
743,20,1,4,61,3,6,1,5,9,2,3,5
744,20,1,4,61,3,6,1,5,9,2,3,5
745,40,0,1,61,10,12,0,8,10,0,0,6
746,20,1,3,61,5,6,0,8,10,2,1,5
747,23,1,3,61,7,0,0,7,10,1,1,10
748,52,0,2,61,3,0,0,7,8,0,0,3
749,21,0,4,61,6,12,0,10,7,1,0,5
750,21,0,4,61,6,12,0,10,7,1,0,5
751,21,0,4,61,10,6,0,10,7,1,0,7
752,20,0,4,61,4,6,1,8,9,2,0,6
753,20,0,4,61,4,6,1,8,9,2,0,6
754,19,1,1,61,5,6,0,8,7,2,0,6
755,20,0,3,61,4,6,0,8,7,2,0,3
756,20,0,3,61,4,6,0,8,7,2,0,3
757,22,1,4,61,3,11,0,7,7,2,2,6
758,20,0,4,61,4,6,0,7,7,2,0,8
759,22,0,4,61,4,1,0,7,4,2,3,8
760,20,0,4,61,5,6,0,6,4,2,2,6
761,20,0,4,61,5,6,0,5,4,2,2,4
762,22,1,4,61,5,6,0,4,8,0,0,3
763,18,0,1,61,3,0,0,10,10,2,0,2
764,56,1,1,61,6,6,0,5,7,0,0,5
765,56,0,3,61,3,0,0,7,9,0,0,2
766,24,0,2,61,5,0,0,9,9,0,0,5
767,65,0,2,61,4,0,0,7,8,2,1,4
768,35,1,1,61,4,0,0,8,10,0,1,1
769,37,0,4,61,5,12,0,8,10,2,0,1
770,26,0,3,61,3,11,0,6,10,2,0,2
771,17,0,1,61,4,6,0,5,7,1,2,2
772,12,1,2,61,2,6,0,8,9,2,0,5
773,38,0,1,61,5,0,1,8,3,0,5,3
774,35,1,1,61,7,0,0,7,10,0,1,5
775,29,1,4,61,15,0,0,7,8,0,0,8
776,52,0,4,61,1,12,0,8,10,0,0,1
777,22,0,4,61,4,12,0,7,9,1,0,6
778,20,0,3,61,4,6,0,4,3,2,2,3
779,59,0,1,61,1,12,0,8,9,0,1,2
780,23,1,2,61,2,0,0,6,10,0,5,9
781,17,1,1,61,4,6,0,6,6,2,0,5
782,55,0,2,61,1,11,0,7,9,0,1,1
783,19,1,1,61,4,12,0,8,10,1,0,5
784,21,0,3,61,5,6,0,7,3,2,0,7
785,21,0,4,61,2,6,0,4,5,2,0,8
786,21,1,1,61,4,6,0,7,8,1,0,5
787,10,1,4,61,5,0,1,10,10,2,0,10
788,39,0,2,61,10,0,0,6,10,1,0,3
789,18,2,1,61,4,6,0,8,8,1,2,6
790,37,0,2,61,7,12,0,8,10,0,0,5
791,20,0,3,61,6,6,0,6,10,0,2,8
792,18,1,1,61,7,6,0,7,8,1,5,4
793,22,0,3,61,7,1,0,6,7,2,3,8
794,15,1,2,61,3,12,0,8,9,1,4,7
795,20,1,3,61,3,6,0,8,8,0,3,5
796,30,1,4,61,8,4,0,7,10,0,2,5
797,15,1,2,61,3,6,0,8,8,2,2,4
798,27,0,4,61,4,12,0,6,8,1,3,5
799,16,0,1,61,6,6,0,8,8,2,2,7
800,20,1,3,61,5,1,0,8,10,1,3,6
801,10,1,0,61,6,11,0,8,9,2,0,5
802,15,1,2,61,5,11,0,6,9,2,0,6
803,9,0,0,61,6,6,0,7,8,2,0,7
804,20,0,3,61,4,6,0,7,8,1,3,5
805,52,1,1,61,4,0,0,6,8,0,0,6
806,40,1,4,61,5,10,0,5,7,1,0,5
807,16,0,1,61,5,6,0,8,10,1,5,5
808,20,1,3,61,4,0,0,8,10,2,0,9
809,23,1,2,61,8,6,0,7,7,1,2,10
810,23,0,3,61,5,1,0,6,10,2,0,4
811,23,0,3,61,3,6,0,6,8,1,0,0
812,23,0,3,61,3,6,0,6,8,1,0,0
813,25,0,2,61,5,1,0,8,9,1,4,3
814,21,0,1,61,6,6,0,7,8,1,0,4
815,22,0,2,61,8,6,0,9,7,2,0,4
816,21,0,2,61,5,6,0,6,9,1,2,10
817,21,0,2,61,5,6,0,6,9,1,2,10
818,17,0,1,61,8,6,0,12,7,1,0,1
819,62,1,1,61,2,12,0,8,10,0,0,4
820,23,0,3,61,5,6,1,8,6,2,0,6
821,16,1,1,61,4,6,0,8,10,1,0,2
822,31,0,3,61,4,6,0,6,10,2,0,0
823,28,0,4,61,5,0,0,8,8,1,0,0
824,21,1,3,61,5,10,0,7,10,1,0,3
825,20,1,3,61,8,1,0,8,8,2,0,8
826,20,1,3,61,8,1,0,8,8,2,0,8
827,20,1,3,61,8,1,0,8,8,2,0,8
828,23,1,3,61,2,6,0,5,10,2,0,3
829,29,0,2,61,8,6,0,7,8,2,0,3
830,35,0,1,61,12,12,0,8,1,1,0,10
831,22,0,3,61,5,0,0,8,7,1,0,7
832,18,0,3,61,5,6,0,6,6,1,0,7
833,28,0,3,61,2,8,0,3,8,0,0,5
834,25,0,3,61,6,0,0,5,10,0,3,4
835,21,1,3,61,8,12,0,8,10,2,0,0
836,38,1,4,61,3,12,0,5,8,2,0,6
837,50,1,2,61,4,0,0,7,9,0,0,2
838,20,1,1,61,3,1,0,0,10,2,1,5
839,57,0,1,61,1,0,0,8,9,0,0,7
840,45,1,1,61,3,0,0,8,10,1,0,2
841,43,0,2,61,2,12,0,7,6,0,0,1
842,18,0,3,61,3,12,0,4,5,2,0,3
843,35,1,1,61,7,6,0,6,7,1,0,10
844,17,0,1,61,5,6,0,5,8,1,0,4
845,24,0,3,61,3,12,0,7,9,0,0,1
846,21,1,2,61,2,6,0,5,6,2,0,10
847,21,1,1,61,8,6,0,8,10,1,0,7
848,23,1,3,61,1,12,0,5,10,2,0,1
849,24,0,0,61,1,0,0,8,10,0,0,1
850,34,1,3,61,2,6,0,7,8,1,1,2
851,22,1,3,61,4,1,0,6,8,2,1,2
852,22,1,3,61,4,1,0,6,8,2,1,2
853,35,1,1,61,6,0,0,6,7,2,0,0
854,35,1,1,61,6,0,0,6,7,2,0,0
855,23,1,3,61,6,0,0,7,7,1,0,5
856,22,1,3,61,2,11,1,6,7,2,0,1
857,15,1,5,200,12,6,0,0,10,2,5,10
858,34,0,1,61,1,0,0,12,1,1,0,0
859,19,0,3,61,5,0,0,7,2,2,0,7
860,29,0,3,61,5,1,1,6,8,1,0,5
861,28,2,3,61,9,0,1,8,6,1,0,10
862,32,1,1,61,5,1,0,7,8,2,0,3
863,24,1,2,61,3,1,0,6,10,1,0,2
864,40,1,1,61,7,0,1,7,5,0,0,10
865,41,1,2,61,3,12,0,5,8,0,0,2
866,14,1,2,61,5,12,0,12,7,1,0,7
867,30,0,1,61,3,0,0,7,1,2,0,1
868,19,0,3,61,3,1,0,5,10,2,0,4
869,32,0,1,61,6,0,0,8,10,0,0,5
870,27,1,4,61,7,13,0,8,10,1,0,3
871,27,1,4,61,7,13,0,8,10,1,0,3
872,21,1,3,61,1,6,0,8,4,1,0,10
873,45,0,2,61,3,0,0,7,8,2,0,5
874,19,1,2,61,3,6,0,7,9,1,1,5
875,24,1,2,61,1,12,0,7,10,0,0,1
876,42,1,1,61,9,12,1,8,10,0,0,10
877,24,0,3,61,4,6,0,7,5,2,0,3
878,16,1,1,61,2,7,0,7,9,1,0,1
879,61,0,1,61,1,0,0,8,10,0,0,4
880,23,1,2,61,2,0,0,8,10,1,0,3
881,23,1,1,61,3,6,0,6,5,2,0,5
882,25,0,3,61,3,7,0,8,9,2,1,7
883,28,0,1,61,3,6,1,7,1,1,0,7
884,32,0,2,61,4,0,0,8,1,0,0,6
885,23,1,3,61,2,6,0,9,10,2,0,7
886,23,1,3,61,6,1,0,6,2,2,5,10
887,29,1,3,61,4,12,1,6,8,1,0,10
888,23,0,3,61,5,1,0,8,9,1,0,1
889,23,0,3,61,4,1,0,7,8,2,0,7
890,24,0,1,61,8,1,1,4,3,2,0,5
891,24,1,3,61,1,1,0,6,10,2,0,10
892,14,1,2,61,2,1,0,8,9,1,1,6
893,16,1,2,61,12,6,0,8,5,0,0,3
894,16,1,2,61,12,6,0,8,5,0,0,3
895,25,0,2,61,2,1,0,8,10,1,0,7
896,24,1,3,61,1,1,0,8,10,2,0,2
897,25,1,3,61,2,1,0,8,10,1,0,5
898,23,1,1,61,1,6,1,10,9,2,0,3
899,26,0,3,61,6,0,0,8,10,0,0,10
900,34,0,0,61,4,0,0,6,8,0,0,4
901,19,0,3,61,3,6,0,7,10,2,0,9
902,19,0,3,61,3,6,0,7,10,2,0,9
903,21,0,3,61,5,1,0,7,8,2,0,2
904,21,0,3,61,2,1,0,8,8,2,0,2
905,19,0,3,61,6,1,0,6,7,1,0,4
906,22,0,3,61,2,8,0,7,9,0,0,3
907,22,0,3,61,2,8,0,7,9,0,0,3
908,15,1,2,61,5,1,0,10,10,2,1,9
909,51,0,1,61,4,12,0,8,9,1,0,5
910,52,0,3,61,3,0,0,8,8,2,0,6
911,19,1,3,61,7,11,1,5,7,2,0,1
912,43,1,2,61,3,12,0,8,10,1,0,4
913,47,0,2,61,5,12,0,6,8,2,0,2
914,24,0,3,104,3,6,0,8,8,1,0,3
915,24,0,3,61,2,6,0,8,8,1,0,10
916,57,0,2,61,3,0,0,8,10,2,0,2
917,35,1,4,1,6,12,0,8,10,0,0,1
918,22,1,1,61,2,0,0,8,8,1,0,4
919,23,0,3,61,3,6,0,8,10,2,0,9
920,23,0,3,61,3,6,0,8,10,2,0,9
921,35,1,2,61,3,6,0,12,10,1,5,2
922,35,1,2,61,3,6,0,12,10,1,5,2
923,35,1,2,61,3,6,0,12,10,1,5,2
924,23,0,3,61,10,1,0,0,9,1,0,5
925,23,0,3,61,10,1,0,0,9,1,0,5
926,28,0,3,61,3,12,0,6,9,2,0,7
927,20,1,3,61,8,1,0,6,9,2,0,10
928,20,0,3,61,6,1,1,3,10,1,0,3
929,20,1,3,61,4,1,0,6,8,2,0,1
930,20,1,3,61,1,0,1,6,10,1,0,4
931,20,1,3,61,10,6,1,6,10,2,0,3
932,20,0,3,61,6,1,0,6,8,2,0,5
933,20,1,3,61,6,11,0,8,8,2,0,7
934,21,0,3,61,4,6,0,6,7,2,0,7
935,20,1,3,61,3,1,1,5,9,2,0,6
936,19,0,3,61,8,6,1,7,9,1,0,7
937,21,0,3,61,4,11,0,5,10,2,0,10
938,21,1,1,61,8,11,0,8,9,2,0,10
939,22,0,3,61,8,11,0,5,8,2,0,1
940,23,1,3,61,5,6,0,8,7,2,0,7
941,22,0,3,61,7,6,0,7,10,2,0,5
942,21,1,3,61,4,1,0,6,8,2,0,10
943,22,1,3,61,5,1,1,7,8,2,0,6
944,29,0,3,61,10,11,1,7,8,1,0,3
945,20,1,3,61,5,11,1,6,10,2,0,3
946,21,1,3,61,8,1,1,8,10,1,0,7
947,52,0,3,61,1,11,0,6,8,1,0,2
948,21,0,3,61,4,6,1,8,10,2,0,5
949,19,1,1,61,8,1,0,6,10,1,0,3
950,24,1,3,61,5,1,1,6,10,1,0,10
951,16,0,1,61,2,6,0,8,10,2,0,4
952,19,0,3,61,3,11,0,8,10,2,0,9
953,18,1,3,61,7,1,0,5,9,2,0,9
954,20,0,3,61,6,6,1,6,9,1,0,2
955,21,1,3,61,5,6,1,4,9,1,0,2
956,19,0,1,61,5,1,0,7,9,1,0,4
957,19,0,3,61,5,11,0,6,10,2,0,3
958,22,0,3,61,6,6,1,7,8,2,0,3
959,20,0,3,61,2,1,0,8,10,2,0,9
960,23,0,3,61,10,11,0,5,10,1,0,5
961,23,1,3,61,5,1,0,5,8,2,0,6
962,19,1,3,61,6,1,1,7,8,1,0,1
963,16,0,1,61,9,1,1,8,7,2,0,4
964,17,0,1,61,5,6,0,6,9,1,0,2
965,23,1,3,61,6,6,0,7,9,2,0,3
966,21,0,1,61,10,11,0,5,10,1,0,10
967,21,0,1,61,5,1,0,8,9,2,0,2
968,18,1,1,61,5,7,0,8,8,2,0,1
969,22,1,3,61,6,6,1,3,7,1,0,4
970,21,0,3,61,4,6,0,4,10,2,0,9
971,21,0,3,61,5,6,1,8,8,1,0,9
972,25,0,3,61,2,6,0,6,8,1,0,2
973,21,0,3,61,6,6,1,6,8,2,0,2
974,21,1,3,61,3,6,0,8,10,1,0,2
975,21,0,3,61,2,1,0,8,10,1,0,5
976,22,0,3,61,4,6,1,12,8,2,0,5
977,20,0,3,61,8,11,0,6,10,2,0,7
978,21,1,3,61,6,6,0,9,10,1,0,10
979,21,0,3,61,15,1,0,5,10,2,0,3
980,21,0,3,61,6,6,0,6,10,2,0,1
981,19,1,1,61,5,11,0,8,10,2,0,4
982,22,0,3,61,10,1,1,6,9,1,0,3
983,20,0,1,61,2,6,0,10,9,2,0,5
984,22,1,3,61,6,6,1,6,9,2,0,7
985,19,0,3,61,4,1,0,4.5,9,2,0,7
986,22,0,3,61,6,0,0,9,10,1,0,6
987,18,1,0,61,12,11,0,8,8,1,0,7
988,20,0,3,61,6,1,1,8,10,2,0,10
989,20,0,1,61,8,6,0,8,10,1,0,10
990,22,1,3,61,6,6,1,7,8,1,0,1
991,19,0,3,61,3,6,0,6,8,2,0,7
992,19,0,3,61,4,1,0,4,7,1,0,5
993,20,1,3,61,9,6,1,6,9,1,0,10
994,20,1,1,61,8,1,1,6,9,2,0,6
995,19,0,3,61,4,1,0,4,10,1,0,3
996,18,1,1,61,4,1,1,4,9,2,0,3
997,21,0,3,61,6,6,0,8,8,2,0,7
998,22,0,3,61,8,6,1,8,7,2,0,2
999,21,0,3,61,10,6,0,8,10,2,0,5
1000,24,0,3,61,8,6,0,9,8,2,0,3
1001,49,1,1,61,2,0,0,7,8,1,0,10
1002,18,0,3,61,18,7,0,7,8,2,0,4
1003,19,0,3,61,6,6,0,9,10,2,0,9
1004,20,1,3,61,5,1,0,8,10,2,0,9
1005,21,0,3,61,6,6,0,8,8,1,0,2
1006,20,0,3,61,10,11,1,6,10,1,0,2
1007,23,1,3,61,6,1,0,8,10,2,0,4
1008,23,0,3,61,24,11,0,12,10,2,0,3
1009,20,0,3,61,5,1,0,7,10,2,0,3
1010,21,0,3,61,8,11,0,8,10,1,0,9
1011,21,1,3,61,8,6,0,7,9,2,0,5
1012,20,0,3,61,2,6,0,7,9,2,0,6
1013,22,1,3,61,8,6,0,9,9,2,0,1
1014,20,1,3,61,2,6,0,6,9,2,0,4
1015,20,1,3,61,2,0,0,7,10,1,0,2
1016,20,1,3,61,4,6,0,7,8,2,0,3
1017,20,0,3,61,20,6,1,4,10,1,0,10
1018,23,1,3,61,5,0,0,6,10,2,0,2
1019,21,1,3,61,4,6,1,7,8,2,0,1
1020,21,1,3,61,3,0,0,7,8,1,0,4
1021,21,1,3,61,2,6,1,5,7,1,0,9
1022,21,1,3,61,4,6,0,8,9,2,0,9
1023,27,0,3,61,6,1,0,7,9,1,0,2
1024,21,0,3,61,5,6,0,6,10,1,0,2
1025,24,1,3,61,10,6,0,8,9,2,0,2
1026,21,1,3,61,5,6,0,4,8,1,0,9
1027,21,1,3,61,8,1,0,8,7,2,0,2
1028,21,0,3,61,4,6,0,9,10,2,0,2
1029,20,1,3,61,6,0,0,3,8,2,0,4
1030,20,0,3,61,3,6,0,5,8,2,0,3
1031,27,1,3,61,4,6,0,10,8,1,0,3
1032,22,1,3,61,5,11,0,6,10,1,0,9
1033,22,1,3,61,6,11,0,7,10,1,0,5
1034,21,0,3,61,5,6,1,7,8,2,0,6
1035,24,0,3,61,5,11,0,8,10,1,0,1
1036,20,1,1,61,4,6,0,6,10,2,0,4
1037,21,0,3,61,8,6,1,8,10,1,0,2
1038,20,0,3,61,2,6,0,8,10,1,0,3
1039,21,0,3,61,6,6,1,6,10,1,0,10
1040,20,1,3,61,6,6,0,8,9,2,0,2
1041,21,0,3,61,5,6,0,8,9,2,0,1
1042,28,1,3,61,6,11,0,8,9,1,0,4
1043,22,0,3,61,18,6,0,3,10,1,0,9
1044,23,1,3,61,8,6,1,4,10,2,0,9
1045,23,0,3,61,5,1,0,8,10,1,0,2
1046,23,0,3,61,10,6,0,6,10,1,0,2
1047,19,0,1,61,4,11,0,8,10,1,0,2
1048,22,1,1,61,8,6,1,5,9,1,0,5
1049,23,1,3,61,5,11,0,8,9,1,0,5
1050,21,1,3,61,24,6,1,7,9,1,0,7
1051,16,1,1,61,3,6,0,8,8,2,0,8
1052,20,1,2,61,3,1,1,6,8.520886231,2,2,2.3
1053,20,0,2,61,3,7,0,7,8.706805078,2,1,2.1
1054,20,0,2,61,3,6,1,7,8.706805078,2,1,2.1
1055,20,0,2,61,3,11,0,7,8.706805078,2,1,2.1
1056,21,0,2,61,5,0,1,4,9.463812832,2,0,2.5
1057,21,0,2,61,0.5,1,1,4,8.292442679,2,0,1
1058,22,1,2,61,5,4,0,6,8.826481813,2,1,2.8
1059,22,1,2,61,3,5,1,6,8.611279475,2,1,2.3
1060,22,1,2,61,5,6,0,6,8.954062444,2,1,2.6
1061,20,1,2,61,7,1,0,6,8.486830169,2,2,3.5
1062,25,1,2,61,7,5,1,7,7.957455101,2,4,3.8
1063,24,1,2,61,3,6,1,6,8.520886231,2,2,2.3
1064,32,0,2,61,5,4,0,7,8.946155129,2,1,2.5
1065,18,0,2,61,7,1,1,8,8.367958921,2,1,3.5
1066,18,1,2,61,3,11,0,5,8.913335152,2,0,2
1067,21,1,2,61,3,6,1,7,8.633353816,2,0,2.4
1068,18,0,2,61,5,4,0,7,8.510207379,2,3,2.9
1069,18,0,2,61,7,1,1,8,8.367958921,2,1,3.5
1070,18,0,2,61,5,0,0,4,9.336232201,2,0,2.7
1071,19,0,2,61,5,5,1,8,8.873068607,2,0,2.7
1072,20,1,2,61,5,6,1,5,9.018826192,2,1,2.7
1073,21,0,2,61,5,4,0,7,8.473019992,2,2,3.1
1074,21,1,2,61,3,1,1,7,8.761419913,2,1,2
1075,22,1,2,61,5,6,1,9,9.392859322,2,0,2.3
1076,21,1,2,61,3,0,0,5,9.350253833,2,0,1.2
1077,80,2,2,61,9,1,1,9,7.898875557,2,4,4.7
1078,79,2,2,61,9,11,0,9,7.79422541,2,4,4.5
1079,23,0,2,61,5,6,1,4,9.400022517,2,0,2.6
1080,18,1,2,61,5,4,0,7,8.79197157,2,2,2.6
1081,21,1,2,61,1.5,1,1,4,8.719588135,2,0,1
1082,20,0,2,61,5,0,0,6,9.044455687,2,0,2.6
1083,18,0,2,61,5,5,1,9,9.584230268,2,0,2
1084,21,1,2,61,1.5,6,1,6,7.919273668,2,3,2.1
1085,18,0,2,61,3,4,0,6,8.793960407,2,2,1.8
1086,32,1,2,61,5,1,1,8,8.745487976,2,0,2.9
1087,20,0,2,61,9,6,1,7,8.328991118,2,0,4.2
1088,23,0,2,61,0.5,0,0,6,7.690268989,2,2,2.2
1089,25,1,2,61,0.5,1,1,7,8.231861754,2,0,1.5
1090,21,1,2,61,5,11,0,6,8.916875056,2,0,2.8
1091,20,1,2,61,3,6,1,5,8.623318994,2,2,2.2
1092,22,1,2,61,5,4,0,8,9.2558105,2,0,2.1
1093,25,1,2,61,1.5,1,1,6,8.290993055,2,1,1.7
1094,18,0,2,61,7,0,0,8,8.367958921,2,1,3.5
1095,18,0,2,61,5,5,1,7,8.510207379,2,3,2.9
1096,80,2,2,61,1.5,6,1,8,8.642640954,2,0,1.3
1097,19,0,2,61,3,4,0,9,8.88521891,2,0,2.5
1098,22,1,2,61,5,1,1,6,9.118830462,2,2,2.2
1099,24,0,2,61,3,6,1,7,8.578738981,2,0,2.5
1100,21,0,2,61,3,0,0,5,8.476416471,2,0,2.8
1101,21,0,2,61,9,1,1,6,9.091664806,2,0,3.5
1102,19,0,2,61,9,11,0,9,8.057153174,2,2,4.4
1103,21,1,2,61,3,6,1,5,8.732548665,2,2,2
1104,21,1,2,61,5,4,0,7,8.882364814,2,1,2.6
1105,21,1,2,61,3,1,1,6,8.648952328,2,3,1.9
1106,21,1,2,61,3,0,0,6,8.648952328,2,3,1.9
1107,21,1,2,61,3,5,1,6,8.648952328,2,3,1.9
1108,22,1,2,61,3,6,1,7,8.597575408,2,1,2.3
1109,24,0,2,61,5,4,0,6,8.672298253,2,2,2.9
1110,25,1,2,61,3,1,1,6,8.684730737,2,2,2
1111,25,1,2,61,3,6,1,6,8.684730737,2,2,2
1112,21,0,2,61,1.5,0,0,5,8.607318248,2,0,1.2
1113,25,0,2,61,3,1,1,6,8.974746895,2,0,1.8
1114,21,0,2,61,3,6,1,7,8.906427992,2,0,1.9
1115,21,0,2,61,9,5,1,6,9.091664806,2,0,3.5
1116,20,1,2,61,3,4,0,6,9.1385914,2,0,1.5
1117,18,1,2,61,9,1,1,5,9.118763378,2,2,3.6
1118,16,1,2,61,3,11,0,8,9.187277197,2,0,1.4
1119,21,0,2,61,5,6,1,8,9.000649238,2,0,2.5
1120,17,0,2,61,3,4,0,8,8.586514011,2,0,2.5
1121,21,2,2,61,1.5,1,1,6,8.715518872,2,0,1
1122,21,1,2,61,3,5,1,6,8.411656561,2,2,2.5
1123,18,0,2,61,3,0,0,8,8.405727523,2,2,2.5
1124,18,1,2,61,5,6,1,7,8.79197157,2,2,2.6
1125,21,0,2,61,9,1,1,6,9.091664806,2,0,3.5
1126,20,1,2,61,7,4,0,5,8.987983551,2,2,3.1
1127,14,0,2,61,3,5,1,4,9.184072807,2,0,1.7
1128,24,0,2,61,5,6,1,5,9.284571912,2,3,2
1129,18,1,2,61,5,0,0,7,8.79197157,2,2,2.6
1130,35,0,2,61,3,11,1,5,9.186409328,2,0,1.5
1131,25,1,2,61,3,1,1,5,8.986786414,2,1,1.7
1132,30,0,2,61,1.5,4,0,8,8.785840629,2,0,1
1133,20,2,2,61,5,6,1,5,9.656729346,2,1,1.7
1134,22,0,2,61,1.5,0,0,6,8.529659179,2,1,1.2
1135,24,1,2,61,3,4,0,5,9.077179657,2,0,1.7
1136,21,1,2,61,3,5,1,4,8.965613466,2,0,2.1
1137,23,0,2,61,1.5,1,1,5,8.421458555,2,1,1.4
1138,18,0,2,61,3,6,1,6,9.083976565,2,0,1.6
1139,52,1,2,61,3,4,0,6,8.920132059,2,0,1.9
1140,29,1,2,61,1.5,11,1,5,8.655051473,2,0,1.1
1141,34,0,2,61,1.5,1,1,7,8.697576751,2,0,1.1
1142,45,0,2,61,1.5,0,0,6,8.715518872,2,0,1
1143,15,0,2,61,7,6,1,7,8.739395404,2,1,3.1
1144,17,0,2,61,5,5,0,6,8.544717622,2,2,3.1
1145,22,0,2,61,3,1,1,8,8.405727523,2,2,2.5
1146,25,1,2,61,3,4,0,6,8.974746895,2,0,1.8
1147,19,0,2,61,9,6,1,8,8.107098444,2,2,4.1
1148,54,1,2,61,1.5,5,1,7,8.697576751,2,0,1.1
1149,21,0,2,61,9,4,0,4,10.07886303,2,2,3
1150,20,0,2,61,5,1,1,5,8.726477543,2,0,3.3
1151,18,1,2,61,5,6,1,6,8.635110866,2,1,3.1
1152,23,0,2,61,7,11,1,7,8.374566424,2,1,3.6
1153,20,1,3,61,13,4,0,8,5,2,0,2
1154,22,0,3,61,7,5,1,7,5,2,2,8
1155,25,1,3,61,6,0,0,8,5,1,0,5
1156,22,0,3,61,6,4,1,6,5,1,1,9
1157,21,1,3,61,14,5,0,8,5,0,1,2
1158,23,0,3,61,9,4,0,7,5,1,0,8
1159,22,0,3,61,4,0,0,8,5,1,0,4
1160,22,1,3,61,18,5,0,3,5,1,1,1
1161,20,1,3,61,8,1,1,8,5,2,0,8
1162,24,1,3,61,4,5,0,6,5,2,0,4
1163,21,1,3,61,8,4,0,6,5,1,1,7
1164,22,0,3,61,6,4,1,6,5,2,1,9
1165,20,1,3,61,8,1,1,8,5,2,1,6
1166,23,0,3,61,6,4,0,7,5,1,0,6
1167,21,1,3,61,3,0,0,8,5,2,0,2
1168,21,1,3,61,20,1,0,8,5,2,0,5
1169,21,1,3,61,17,3,0,8,5,0,1,4
1170,25,1,3,61,19,1,0,6,5,1,0,5
1171,22,1,3,61,18,0,0,8,5,1,1,8
1172,21,0,3,61,19,4,0,6,5,2,2,5
1173,23,1,3,61,20,1,0,4,5,1,1,6
1174,18,0,3,61,10,4,0,8,5,0,2,8
1175,22,1,3,61,5,2,1,6,5,1,1,5
1176,21,1,3,61,4,4,0,8,5,2,0,5
1177,19,1,3,61,8,4,0,6,5,2,0,7
1178,19,1,3,61,8,4,0,6,5,2,0,7
1179,24,0,3,61,1,4,0,8,5,1,0,3
1180,31,1,3,61,3,5,0,8,5,1,0,4
1181,22,1,3,61,6,1,1,6,5,2,0,8
1182,23,1,3,61,5,1,1,7,5,1,2,7
1183,22,1,3,61,10,4,0,5,5,2,0,9
1184,23,0,3,61,5,5,0,7,5,0,4,8
1185,19,1,3,61,8,5,0,4,5,1,1,9
1186,24,1,3,61,7,5,0,7,5,0,4,8
1187,22,1,3,61,4,4,1,6,5,0,3,4
1188,21,0,3,61,3,1,0,7,5,2,1,5
1189,20,0,3,61,8,3,1,9,5,1,0,7
1190,19,1,3,61,6,4,0,7,5,2,0,7
1191,24,1,3,61,5,1,1,6,5,2,1,8
1192,25,0,3,61,6,0,0,8,5,1,1,8
1193,20,1,3,61,7,4,1,5,5,2,0,10
1194,22,1,3,61,15,1,0,8,5,0,2,5
1195,25,1,3,61,4,0,0,6,5,2,0,6
1196,23,1,3,61,5,1,0,4,5,1,0,7
1197,23,1,3,61,4,4,1,8,5,2,0,5
1198,22,1,3,61,5,2,0,8,5,1,0,4
1199,20,1,3,61,10,4,1,2,5,2,4,10
1200,21,0,3,61,4,4,0,7,5,2,1,4
1201,18,0,3,61,2,5,0,8,5,2,0,3
1202,22,0,3,61,16,4,0,8,5,1,1,5
1203,21,1,3,61,8,0,0,5,5,1,0,3
1204,22,1,3,61,4,4,1,7,5,1,2,6
1205,21,1,3,61,5,4,0,6,5,2,1,4
1206,21,1,3,61,15,1,0,8,5,2,0,5
1207,23,1,3,61,4,4,1,8,5,2,0,5
1208,22,1,3,61,5,4,1,6,5,2,0,10000
1209,22,1,3,61,6,1,1,5,5,1,3,9
1210,22,1,3,61,4,4,1,6,5,2,0,8
1211,19,0,3,61,3,4,1,7,5,2,1,4
1212,22,1,3,61,7,3,0,9,5,0,1,6
1213,33,1,3,61,4,0,0,7,5,1,1,3
1214,21,1,3,61,4,4,0,8,5,2,0,8
1215,24,1,3,61,6,0,1,3,5,2,2,8
1216,23,0,3,61,5,1,1,8,5,1,2,8
1217,22,0,3,61,6,1,1,8,5,0,1,7
1218,22,1,3,61,8,2,1,8,5,2,0,7
1219,21,1,3,61,7,5,0,9,5,2,0,5
1220,21,0,3,61,10,1,1,7,5,1,2,9
1221,22,1,3,61,7,4,1,6,5,2,1,9
1222,21,1,3,61,7,1,0,6,5,1,0,6
1223,24,1,3,61,5,1,1,6,5,2,1,6
1224,22,1,3,61,10,1,1,7,5,2,1,9
1225,27,1,3,61,4,0,0,8,5,2,1,4
1226,21,1,3,61,5,1,0,7,5,2,0,1
1227,30,1,3,61,6,1,0,6,5,1,1,7
1228,20,0,3,61,8,4,0,7,5,1,2,7
1229,21,0,3,61,15,1,1,6,5,0,1,10
1230,22,1,3,61,9,0,1,6,5,2,4,9
1231,28,1,3,61,4,0,0,7,5,2,0,3
1232,20,1,3,61,7,5,1,6,5,2,2,9
1233,22,1,3,61,5,2,1,6,5,1,1,5
1234,20,1,3,61,18,2,0,18,5,1,0,15
1235,21,1,3,61,6,4,0,10,5,2,0,6
1236,21,1,3,61,5,4,1,7,5,2,0,8
1237,15,0,3,61,6,4,1,5,5,2,2,8
1238,23,1,3,61,7,4,0,5,5,1,2,9
1239,19,1,3,61,5,1,0,7,5,2,1,4
1240,22,1,3,61,3,4,0,8,5,1,0,7
1241,22,1,3,61,3,0,0,8,5,2,1,3
1242,24,0,3,61,7,4,0,8,5,1,0,4
1243,20,1,3,61,4,1,0,7,5,1,0,2
1244,21,0,3,61,6,1,0,10,5,1,0,2
1245,22,0,3,61,4,4,0,9,5,1,0,2
1246,21,1,3,61,5,4,1,8,5,1,0,3
1247,21,1,3,61,7,0,1,6,5,2,0,7
1248,24,1,3,61,12,0,0,6,5,1,0,7
1249,23,1,3,61,5,4,0,6,5,2,0,8
1250,24,1,3,61,5,1,0,3,5,2,3,7
1251,10,1,3,61,2,1,1,8,5,2,0,7
1252,20,1,3,61,8,1,1,7,5,2,0,8
1253,18,0,3,61,4,1,1,7,2,2,2,7
1254,22,0,3,61,5,1,1,7,1,2,7,2
1255,20,0,3,61,4,2,1,7,3,2,7,3
1256,18,1,3,61,2,2,0,7,1,0,5,1
1257,16,0,2,61,3,0,1,6,3,2,4,6
1258,16,1,2,61,4,3,1,6,7,2,1,7
1259,24,1,3,61,3,3,0,8,3,2,5,9
1260,17,1,2,61,4,2,0,5,9,2,4,6
1261,21,1,3,61,2,2,1,6,6,2,4,9
1262,25,1,3,61,3,2,1,6,6,1,3,2
1263,23,0,3,61,5,0,1,8,9,1,2,8
1264,21,0,3,61,4,2,0,7,6,2,3,2
1265,23,0,3,61,4,2,0,6,2,2,8,7
1266,18,1,3,61,3,2,0,9,1,2,7,4
1267,20,1,3,61,3,2,0,7,1,2,4,3
1268,23,1,3,61,4,0,0,6,2,2,4,6
1269,21,1,3,61,5,0,1,6,10,2,9,4
1270,20,1,3,61,5,3,0,8,1,2,4,4
1271,25,0,3,61,4,1,0,7,7,0,6,7
1272,19,0,3,61,4,1,0,9,2,2,7,2
1273,16,0,3,61,4,0,0,5,10,2,5,7
1274,16,0,3,61,5,0,1,8,3,2,7,3
1275,19,0,3,61,2,4,0,8,1,2,7,8
1276,21,0,3,61,5,1,1,7,6,2,3,2
1277,21,1,3,61,2,1,1,6,1,2,5,6
1278,20,1,3,61,4,1,0,8,7,1,5,1
1279,24,0,3,61,2,1,0,8,4,2,4,6
1280,20,0,3,61,5,4,1,5,9,2,7,6
1281,22,1,3,61,3,1,1,7,6,2,5,7
1282,25,1,3,61,4,1,0,6,8,2,2,1
1283,20,0,3,61,2,0,0,5,3,2,2,1
1284,23,1,3,61,2,2,0,8,10,0,4,9
1285,21,0,3,61,3,2,0,8,5,0,7,7
1286,21,0,3,61,3,2,1,9,7,2,3,6
1287,21,0,3,61,4,3,1,8,10,2,1,3
1288,22,1,3,61,2,4,0,4,1,2,5,1
1289,27,1,1,61,2,1,0,8,9,1,1,2
1290,22,0,3,61,4,2,0,9,3,1,4,2
1291,20,1,3,61,2,2,1,8,2,2,1,8
1292,23,0,3,61,4,2,0,6,2,2,4,5
1293,22,1,3,61,3,3,0,8,7,2,2,5
1294,20,0,3,61,4,2,0,7,9,2,7,3
1295,18,1,3,61,4,4,0,7,4,2,0,5
1296,21,0,3,61,3,4,0,8,10,2,4,8
1297,19,0,3,61,4,3,0,8,3,1,9,3
1298,22,1,3,61,6,0,1,8,6,0,3,9
1299,20,0,3,61,3,0,1,6,5,2,5,1
1300,21,1,3,61,4,0,1,6,6,0,7,5
1301,17,0,2,61,6,0,1,5,10,2,5,4
1302,18,1,3,61,3,0,0,5,5,2,7,7
1303,24,0,3,61,2,0,0,5,9,2,3,8
1304,24,1,3,61,5,4,1,7,2,2,3,3
1305,20,0,3,61,9,0,0,8,5,2,3,2
1306,25,0,3,61,2,2,0,7,2,2,3,6
1307,18,0,3,61,5,2,0,7,7,0,5,6
1308,24,0,3,61,6,1,1,9,2,0,2,6
1309,25,0,3,61,4,2,0,6,9,2,7,6
1310,21,1,3,61,3,0,0,5,8,2,6,3
1311,17,1,2,61,3,2,1,3,10,2,2,7
1312,20,0,3,61,3,2,1,9,7,2,3,4
1313,24,1,3,61,5,2,1,5,7,0,6,2
1314,21,1,3,61,1,2,1,4,4,2,3,4
1315,25,1,3,61,5,3,1,4,5,1,5,1
1316,19,1,3,61,4,1,1,6,1,1,4,4
1317,17,1,2,61,3,1,0,10,8,2,1,3
1318,19,0,3,61,5,2,0,6,1,1,4,4
1319,15,1,0,61,5,3,0,7,2,2,6,5
1320,21,1,3,61,4,2,1,3,7,2,6,8
1321,13,0,0,61,6,1,0,3,7,2,8,7
1322,20,0,3,61,2,2,1,4,7,2,4,3
1323,21,0,3,61,2,4,1,6,8,1,1,1
1324,21,1,3,61,1,4,1,6,7,1,3,4
1325,13,1,0,61,5,3,0,8,6,0,1,6
1326,19,1,3,61,2,4,0,6,9,1,4,9
1327,21,0,3,61,5,4,0,5,4,2,8,4
1328,19,0,3,61,7,0,0,3,4,0,6,8
1329,19,0,3,61,4,3,1,6,5,0,8,5
1330,16,0,2,61,6,2,0,9,7,2,8,2
1331,21,1,3,61,3,4,1,9,10,0,6,3
1332,21,0,3,61,7,4,0,5,5,2,9,3
1333,21,0,3,61,3,4,1,8,9,2,5,9
1334,21,1,3,61,4,2,0,8,5,0,3,7
1335,21,1,3,61,6,2,0,9,6,2,8,2
1336,21,0,3,61,2,2,1,7,5,2,6,6
1337,19,1,3,61,4,2,0,6,4,2,6,2
1338,20,0,3,61,8,0,1,7,3,2,8,6
1339,21,1,3,61,1,4,0,8,6,1,0,1
1340,19,1,3,61,4,3,0,8,7,0,7,9
1341,15,0,0,61,1,2,1,6,9,2,9,8
1342,25,1,3,61,6,0,1,8,1,2,6,6
1343,18,0,3,61,6,2,1,6,5,2,2,2
1344,21,0,3,61,1,1,1,5,4,2,7,7
1345,20,0,3,61,3,1,1,6,1,2,2,3
1346,21,1,3,61,4,2,1,6,2,2,4,2
1347,15,1,0,61,4,2,1,8,1,2,8,3
1348,13,0,0,61,4,1,0,9,2,2,5,8
1349,21,1,3,61,3,0,0,7,2,2,2,8
1350,20,1,3,61,3,0,0,9,1,2,4,4
1351,20,0,3,61,2,4,1,6,8,2,2,6
1352,21,1,3,61,5,2,0,7,7,2,8,5
1353,16,1,2,61,5,2,0,8,4,0,3,4
1354,21,1,3,61,3,0,1,8,3,0,9,8
1355,21,0,3,61,8,0,0,7,1,1,3,9
1356,17,1,2,61,2,2,0,6,6,0,7,8
1357,19,1,3,61,5,1,0,9,2,1,4,4
1358,21,0,3,61,1,1,1,9,4,2,4,8
1359,20,0,3,61,6,2,0,7,6,2,5,8
1360,19,1,3,61,7,4,1,4,2,2,5,2
1361,21,0,3,61,2,2,1,8,3,2,8,3
1362,14,0,0,61,4,4,1,8,6,2,2,3
1363,19,1,3,61,4,0,1,10,8,2,3,9
1364,21,0,3,61,2,1,0,8,5,0,3,8
1365,16,0,2,61,4,1,0,7,6,1,5,1
1366,21,0,2,61,2,1,0,5.5,5,1,0,4
1367,19,1,2,61,4,0,1,5,7,0,0,8
1368,19,1,1,61,6,6,1,4,3,1,1,10
1369,19,0,1,61,8,11,1,7.5,9,1,1,10
1370,20,1,2,61,8.5,6,1,6.5,8,1,1,10
1371,19,0,2,61,4.5,1,1,3.5,4,0,0,9
1372,19,1,2,61,3,1,0,4.5,4,1,0,6
1373,22,0,1,61,1,6,1,6,9,1,1,6
1374,20,0,2,61,6.5,6,1,7.5,6,1,0,10
1375,20,0,0,61,3.5,4,1,11,4,0,1,10
1376,20,1,0,61,1.5,1,0,4.5,4,0,0,3
1377,21,1,1,61,2.5,1,0,7.5,8,1,0,5
1378,25,1,2,61,1.5,11,0,6,6,1,0,3
1379,21,1,2,61,4,6,1,8,3,0,1,10
1380,21,1,2,61,5,6,1,4,6,0,0,10
1381,21,0,2,61,3,6,1,8,5,1,1,10
1382,21,1,2,61,6,6,1,7,4,0,1,10
1383,21,1,2,61,5.5,6,1,8,7,0,1,10
1384,18,0,0,61,4,1,1,6,4,0,0,8
1385,22,1,1,61,10,1,1,6,9,1,1,10
1386,20,1,1,61,3,6,1,9,8,0,1,10
1387,21,1,2,61,12,12,1,7,9,1,1,10
1388,19,0,0,61,9.5,6,1,8.5,10,0,1,10
1389,21,1,1,61,10,6,1,3,2,0,1,10
1390,20,1,0,61,5,6,1,5.5,10,1,0,10
1391,20,1,2,61,7,6,1,11.5,10,1,1,10
1392,20,0,0,61,4,0,1,6.5,5,1,0,8
1393,19,1,1,61,2.5,6,1,3,4,0,1,9
1394,22,1,2,61,6,6,1,7,7,1,1,10
1395,20,0,2,61,2.5,12,0,7.5,6,1,0,5
1396,20,2,0,61,12,4,1,0,10,2,0,10
1397,20,0,2,61,4,1,1,7,3,1,1,10
1398,23,0,2,212,5,1,1,9,9,0,1,10
1399,20,1,2,61,4.5,6,1,8,8,1,1,10
1400,25,0,2,61,3,11,1,6.5,8,1,1,10
1401,16,0,1,61,2,6,1,7.5,10,0,1,8
1402,43,1,0,61,0.5,12,1,4.5,5,0,1,5
1403,17,1,0,61,4,12,1,8,8,0,1,10
1404,24,1,0,61,5,6,1,7,6,1,1,10
1405,20,1,2,61,3.5,12,1,7,7,0,1,10
1406,18,1,2,61,6,6,1,6,3,0,1,10
1407,18,0,2,61,4.5,6,1,6,6,0,1,10
1408,20,0,2,61,4,6,1,6,8,0,0,8
1409,21,1,0,212,2,6,1,7.5,8,1,1,8
1410,20,1,1,61,1.5,6,0,5,2,1,0,3
1411,20,0,2,61,12,6,1,0,1,0,1,10
1412,22,0,2,61,3.5,6,1,8,8,0,0,7
1413,24,0,0,61,3,12,0,7,10,0,0,6
1414,23,0,0,61,4.5,6,1,7,7,0,1,10
1415,21,1,2,61,4,6,1,8,8,1,0,8
1416,20,0,2,212,0,6,0,0,1,0,0,0
1417,23,1,1,61,5.5,6,1,6,1,1,0,10
1418,42,1,1,61,4,6,1,9.5,5,1,1,10
1419,17,1,1,61,4,6,1,8,10,0,0,8
1420,22,0,2,61,8,1,1,8.5,8,0,1,10
1421,20,0,2,61,12,6,1,0,10,2,0,10
1422,17,0,1,61,3,6,0,7,10,1,0,6
1423,17,1,1,61,2.5,6,0,5,6,1,0,5
1424,21,0,1,61,3,6,1,8,8,0,1,10
1425,19,1,1,61,5,6,1,5.5,7,1,0,10
1426,21,1,2,61,5,6,1,8,3,0,0,10
1427,26,1,0,61,3.5,1,1,7,2,0,1,10
1428,20,0,0,61,8.5,1,1,8,8,0,1,10
1429,21,1,2,61,5,6,1,8,10,0,0,10
1430,20,0,2,61,8,6,1,9.5,8,0,1,10
1431,20,1,2,61,9.5,6,1,10,2,0,0,10
1432,25,0,0,61,5,11,1,5.5,4,1,0,10
1433,20,0,0,61,3,6,0,8.5,4,0,0,6
1434,24,1,0,61,9,1,1,8.5,5,1,1,10
1435,53,0,2,61,3,0,0,4.5,5,2,0,6
1436,18,0,1,61,3,6,0,6.5,5,0,0,6
1437,19,1,2,61,9,6,1,8,6,1,1,10
1438,18,1,1,61,3.5,11,1,7.5,6,1,0,7
1439,25,0,0,61,1.5,1,1,5.5,4,1,1,7
1440,30,1,0,61,2.5,11,0,7,7,2,0,5
1441,21,0,0,61,2,12,1,6.5,7,0,1,8
1442,21,0,2,61,3,11,1,8.5,8,0,1,10
1443,92,0,0,212,10,6,1,2,8,0,0,10
1444,19,1,1,61,4.5,6,1,7,3,1,1,10
1445,20,0,2,61,4,1,1,8,9,1,0,8
1446,32,1,0,212,1,0,0,9,4,2,0,2
1447,20,0,0,61,9.5,6,1,9.5,8,0,1,10
1448,21,1,2,61,9.5,6,1,5,7,1,0,10
1449,19,0,0,61,8,6,1,7.5,8,0,0,10
1450,22,0,2,61,7.5,6,1,7,7,0,1,10
1451,24,1,2,61,6.5,6,1,7.5,7,1,0,10
1452,19,1,1,61,2.5,6,1,7.5,4,0,1,9
1453,25,0,2,61,1.5,12,1,5,8,0,1,7
1454,28,1,1,61,4.5,6,1,6.5,5,2,0,9
1455,20,1,1,61,4.5,1,1,4,4,1,1,10
1456,24,1,2,61,4,12,1,7.5,5,1,1,10
1457,30,0,0,61,2.5,4,0,6,4,1,0,5
1458,21,1,2,61,8,12,1,8,7,0,0,10
1459,23,1,2,61,4.5,6,1,4,8,0,1,10
1460,18,0,1,61,4.5,1,1,7,5,0,0,9
1461,19,0,2,61,4.5,1,1,7.5,5,1,1,10
1462,18,1,1,61,8,1,1,4.5,5,0,0,10
1463,17,1,1,61,4,6,1,6.5,4,0,1,10
1464,18,1,1,61,6.5,6,1,6,7,1,0,10
1465,18,1,1,61,5.5,6,1,7,9,0,0,10
1466,18,1,1,61,3.5,6,1,7,5,0,0,7
1467,19,1,2,61,4.5,6,1,5.5,5,0,0,9
1468,17,1,1,61,4,1,1,6.5,4,1,0,8
1469,24,1,1,61,5.5,6,1,8.5,6,1,0,10
1470,22,1,2,212,5,6,1,9,3,0,0,10
1471,22,0,2,212,1,1,0,6,7,1,0,2
1472,18,0,1,212,4,12,1,9,7,1,1,10
1473,23,1,2,61,3.5,1,1,5,5,0,0,7
1474,25,1,2,61,5,6,1,7.5,7,1,1,10
1475,24,1,2,61,4,6,1,8,4,0,0,8
1476,24,0,3,61,2,1,0,8,4,2,4,6
1477,20,0,3,61,5,4,1,5,9,2,7,6
1478,22,1,3,61,3,1,1,7,6,2,5,7
1479,25,1,3,61,4,1,0,6,8,2,2,1
1480,20,0,3,61,2,0,0,5,3,2,2,1
1481,23,1,3,61,2,2,0,8,10,0,4,9
1482,21,0,3,61,3,2,0,8,5,0,7,7
1483,21,0,3,61,3,2,1,9,7,2,3,6
1484,21,0,3,61,4,3,1,8,10,2,1,3
1485,22,1,3,61,2,4,0,4,1,2,5,1
1486,27,1,1,61,2,1,0,8,9,1,1,2
1487,22,0,3,61,4,2,0,9,3,1,4,2
1488,20,1,3,61,2,2,1,8,2,2,1,8
1489,23,0,3,61,4,2,0,6,2,2,4,5
1490,22,1,3,61,3,3,0,8,7,2,2,5
1491,20,0,3,61,4,2,0,7,9,2,7,3
1492,18,1,3,61,4,4,0,7,4,2,0,5
1493,21,0,3,61,3,4,0,8,10,2,4,8
1494,19,0,3,61,4,3,0,8,3,1,9,3
1495,22,1,3,61,6,0,1,8,6,0,3,9
1496,20,0,3,61,3,0,1,6,5,2,5,1
1497,21,1,3,61,4,0,1,6,6,0,7,5
1498,17,0,2,61,6,0,1,5,10,2,5,4
1499,18,1,3,61,3,0,0,5,5,2,7,7
1500,24,0,3,61,2,0,0,5,9,2,3,8
1501,24,1,3,61,5,4,1,7,2,2,3,3
1502,20,0,3,61,9,0,0,8,5,2,3,2
1503,25,0,3,61,2,2,0,7,2,2,3,6
1504,18,0,3,61,5,2,0,7,7,0,5,6
1505,24,0,3,61,6,1,1,9,2,0,2,6
1506,25,0,3,61,4,2,0,6,9,2,7,6
1507,21,1,3,61,3,0,0,5,8,2,6,3
1508,17,1,2,61,3,2,1,3,10,2,2,7
1509,20,0,3,61,3,2,1,9,7,2,3,4
1510,24,1,3,61,5,2,1,5,7,0,6,2
1511,21,1,3,61,1,2,1,4,4,2,3,4
1512,25,1,3,61,5,3,1,4,5,1,5,1
1513,19,1,3,61,4,1,1,6,1,1,4,4
1514,17,1,2,61,3,1,0,10,8,2,1,3
1515,19,0,3,61,5,2,0,6,1,1,4,4
1516,15,1,0,61,5,3,0,7,2,2,6,5
1517,21,1,3,61,4,2,1,3,7,2,6,8
1518,13,0,0,61,6,1,0,3,7,2,8,7
1519,20,0,3,61,2,2,1,4,7,2,4,3
1520,21,0,3,61,2,4,1,6,8,1,1,1
1521,21,1,3,61,1,4,1,6,7,1,3,4
1522,13,1,0,61,5,3,0,8,6,0,1,6
1523,19,1,3,61,2,4,0,6,9,1,4,9
1524,21,0,3,61,5,4,0,5,4,2,8,4
1525,19,0,3,61,7,0,0,3,4,0,6,8
1526,19,0,3,61,4,3,1,6,5,0,8,5
1527,16,0,2,61,6,2,0,9,7,2,8,2
1528,21,1,3,61,3,4,1,9,10,0,6,3
1529,21,0,3,61,7,4,0,5,5,2,9,3
1530,21,0,3,61,3,4,1,8,9,2,5,9
1531,21,1,3,61,4,2,0,8,5,0,3,7
1532,21,1,3,61,6,2,0,9,6,2,8,2
1533,21,0,3,61,2,2,1,7,5,2,6,6
1534,19,1,3,61,4,2,0,6,4,2,6,2
1535,20,0,3,61,8,0,1,7,3,2,8,6
1536,21,1,3,61,1,4,0,8,6,1,0,1
1537,19,1,3,61,4,3,0,8,7,0,7,9
1538,15,0,0,61,1,2,1,6,9,2,9,8
1539,25,1,3,61,6,0,1,8,1,2,6,6
1540,18,0,3,61,6,2,1,6,5,2,2,2
1541,21,0,3,61,1,1,1,5,4,2,7,7
1542,20,0,3,61,3,1,1,6,1,2,2,3
1543,21,1,3,61,4,2,1,6,2,2,4,2
1544,15,1,0,61,4,2,1,8,1,2,8,3
1545,13,0,0,61,4,1,0,9,2,2,5,8
1546,21,1,3,61,3,0,0,7,2,2,2,8
1547,20,1,3,61,3,0,0,9,1,2,4,4
1548,20,0,3,61,2,4,1,6,8,2,2,6
1549,21,1,3,61,5,2,0,7,7,2,8,5
1550,16,1,2,61,5,2,0,8,4,0,3,4
1551,21,1,3,61,3,0,1,8,3,0,9,8
1552,21,0,3,61,8,0,0,7,1,1,3,9
1553,17,1,2,61,2,2,0,6,6,0,7,8
1554,19,1,3,61,5,1,0,9,2,1,4,4
1555,21,0,3,61,1,1,1,9,4,2,4,8
1556,20,0,3,61,6,2,0,7,6,2,5,8
1557,19,1,3,61,7,4,1,4,2,2,5,2
1558,21,0,3,61,2,2,1,8,3,2,8,3
1559,14,0,0,61,4,4,1,8,6,2,2,3
1560,19,1,3,61,4,0,1,10,8,2,3,9
1561,21,0,3,61,2,1,0,8,5,0,3,8
1562,16,0,2,61,4,1,0,7,6,1,5,1
1563,21,0,2,61,2,1,0,5.5,5,1,0,4
1564,19,1,2,61,4,0,1,5,7,0,0,8
1565,19,1,1,61,6,6,1,4,3,1,1,10
1566,19,0,1,61,8,11,1,7.5,9,1,1,10
1567,20,1,2,61,8.5,6,1,6.5,8,1,1,10
1568,19,0,2,61,4.5,1,1,3.5,4,0,0,9
1569,19,1,2,61,3,1,0,4.5,4,1,0,6
1570,22,0,1,61,1,6,1,6,9,1,1,6
1571,20,0,2,61,6.5,6,1,7.5,6,1,0,10
1572,20,0,0,61,3.5,4,1,11,4,0,1,10
1573,20,1,0,61,1.5,1,0,4.5,4,0,0,3
1574,21,1,1,61,2.5,1,0,7.5,8,1,0,5
1575,25,1,2,61,1.5,11,0,6,6,1,0,3
1576,21,1,2,61,4,6,1,8,3,0,1,10
1577,21,1,2,61,5,6,1,4,6,0,0,10
1578,21,0,2,61,3,6,1,8,5,1,1,10
1579,21,1,2,61,6,6,1,7,4,0,1,10
1580,21,1,2,61,5.5,6,1,8,7,0,1,10
1581,18,0,0,61,4,1,1,6,4,0,0,8
1582,22,1,1,61,10,1,1,6,9,1,1,10
1583,20,1,1,61,3,6,1,9,8,0,1,10
1584,21,1,2,61,12,12,1,7,9,1,1,10
1585,19,0,0,61,9.5,6,1,8.5,10,0,1,10
1586,21,1,1,61,10,6,1,3,2,0,1,10
1587,20,1,0,61,5,6,1,5.5,10,1,0,10
1588,20,1,2,61,7,6,1,11.5,10,1,1,10
1589,20,0,0,61,4,0,1,6.5,5,1,0,8
1590,19,1,1,61,2.5,6,1,3,4,0,1,9
1591,22,1,2,61,6,6,1,7,7,1,1,10
1592,20,0,2,61,2.5,12,0,7.5,6,1,0,5
1593,20,2,0,61,12,4,1,0,10,2,0,10
1594,20,0,2,61,4,1,1,7,3,1,1,10
1595,23,0,2,212,5,1,1,9,9,0,1,10
1596,20,1,2,61,4.5,6,1,8,8,1,1,10
1597,25,0,2,61,3,11,1,6.5,8,1,1,10
1598,16,0,1,61,2,6,1,7.5,10,0,1,8
1599,43,1,0,61,0.5,12,1,4.5,5,0,1,5
1600,17,1,0,61,4,12,1,8,8,0,1,10
1601,24,1,0,61,5,6,1,7,6,1,1,10
1602,20,1,2,61,3.5,12,1,7,7,0,1,10
1603,18,1,2,61,6,6,1,6,3,0,1,10
1604,18,0,2,61,4.5,6,1,6,6,0,1,10
1605,20,0,2,61,4,6,1,6,8,0,0,8
1606,21,1,0,212,2,6,1,7.5,8,1,1,8
1607,20,1,1,61,1.5,6,0,5,2,1,0,3
1608,20,0,2,61,12,6,1,0,1,0,1,10
1609,22,0,2,61,3.5,6,1,8,8,0,0,7
1610,24,0,0,61,3,12,0,7,10,0,0,6
1611,23,0,0,61,4.5,6,1,7,7,0,1,10
1612,21,1,2,61,4,6,1,8,8,1,0,8
1613,20,0,2,212,0,6,0,0,1,0,0,0
1614,23,1,1,61,5.5,6,1,6,1,1,0,10
1615,42,1,1,61,4,6,1,9.5,5,1,1,10
1616,17,1,1,61,4,6,1,8,10,0,0,8
1617,22,0,2,61,8,1,1,8.5,8,0,1,10
1618,20,0,2,61,12,6,1,0,10,2,0,10
1619,17,0,1,61,3,6,0,7,10,1,0,6
1620,17,1,1,61,2.5,6,0,5,6,1,0,5
1621,21,0,1,61,3,6,1,8,8,0,1,10
1622,19,1,1,61,5,6,1,5.5,7,1,0,10
1623,21,1,2,61,5,6,1,8,3,0,0,10
1624,26,1,0,61,3.5,1,1,7,2,0,1,10
1625,20,0,0,61,8.5,1,1,8,8,0,1,10
1626,21,1,2,61,5,6,1,8,10,0,0,10
1627,20,0,2,61,8,6,1,9.5,8,0,1,10
1628,20,1,2,61,9.5,6,1,10,2,0,0,10
1629,25,0,0,61,5,11,1,5.5,4,1,0,10
1630,20,0,0,61,3,6,0,8.5,4,0,0,6
1631,24,1,0,61,9,1,1,8.5,5,1,1,10
1632,53,0,2,61,3,0,0,4.5,5,2,0,6
1633,18,0,1,61,3,6,0,6.5,5,0,0,6
1634,19,1,2,61,9,6,1,8,6,1,1,10
1635,18,1,1,61,3.5,11,1,7.5,6,1,0,7
1636,25,0,0,61,1.5,1,1,5.5,4,1,1,7
1637,30,1,0,61,2.5,11,0,7,7,2,0,5
1638,21,0,0,61,2,12,1,6.5,7,0,1,8
1639,21,0,2,61,3,11,1,8.5,8,0,1,10
1640,92,0,0,212,10,6,1,2,8,0,0,10
1641,19,1,1,61,4.5,6,1,7,3,1,1,10
1642,20,0,2,61,4,1,1,8,9,1,0,8
1643,32,1,0,212,1,0,0,9,4,2,0,2
1644,20,0,0,61,9.5,6,1,9.5,8,0,1,10
1645,21,1,2,61,9.5,6,1,5,7,1,0,10
1646,19,0,0,61,8,6,1,7.5,8,0,0,10
1647,22,0,2,61,7.5,6,1,7,7,0,1,10
1648,24,1,2,61,6.5,6,1,7.5,7,1,0,10
1649,19,1,1,61,2.5,6,1,7.5,4,0,1,9
1650,25,0,2,61,1.5,12,1,5,8,0,1,7
1651,28,1,1,61,4.5,6,1,6.5,5,2,0,9
1652,20,1,1,61,4.5,1,1,4,4,1,1,10
1653,24,1,2,61,4,12,1,7.5,5,1,1,10
1654,30,0,0,61,2.5,4,0,6,4,1,0,5
1655,21,1,2,61,8,12,1,8,7,0,0,10
1656,23,1,2,61,4.5,6,1,4,8,0,1,10
1657,18,0,1,61,4.5,1,1,7,5,0,0,9
1658,19,0,2,61,4.5,1,1,7.5,5,1,1,10
1659,18,1,1,61,8,1,1,4.5,5,0,0,10
1660,17,1,1,61,4,6,1,6.5,4,0,1,10
1661,18,1,1,61,6.5,6,1,6,7,1,0,10
1662,18,1,1,61,5.5,6,1,7,9,0,0,10
1663,18,1,1,61,3.5,6,1,7,5,0,0,7
1664,19,1,2,61,4.5,6,1,5.5,5,0,0,9
1665,17,1,1,61,4,1,1,6.5,4,1,0,8
1666,24,1,1,61,5.5,6,1,8.5,6,1,0,10
1667,22,1,2,212,5,6,1,9,3,0,0,10
1668,22,0,2,212,1,1,0,6,7,1,0,2
1669,18,0,1,212,4,12,1,9,7,1,1,10
1670,23,1,2,61,3.5,1,1,5,5,0,0,7
1671,25,1,2,61,5,6,1,7.5,7,1,1,10
1672,24,1,2,61,4,6,1,8,4,0,0,8
1673,20,1,3,61,13,4,0,8,5,2,0,2
1674,22,0,3,61,7,5,1,7,5,2,2,8
1675,25,1,3,61,6,0,0,8,5,1,0,5
1676,22,0,3,61,6,4,1,6,5,1,1,9
1677,21,1,3,61,14,5,0,8,5,0,1,2
1678,23,0,3,61,9,4,0,7,5,1,0,8
1679,22,0,3,61,4,0,0,8,5,1,0,4
1680,22,1,3,61,18,5,0,3,5,1,1,1
1681,20,1,3,61,8,1,1,8,5,2,0,8
1682,24,1,3,61,4,5,0,6,5,2,0,4
1683,21,1,3,61,8,4,0,6,5,1,1,7
1684,22,0,3,61,6,4,1,6,5,2,1,9
1685,20,1,3,61,8,1,1,8,5,2,1,6
1686,23,0,3,61,6,4,0,7,5,1,0,6
1687,21,1,3,61,3,0,0,8,5,2,0,2
1688,21,1,3,61,20,1,0,8,5,2,0,5
1689,21,1,3,61,17,3,0,8,5,0,1,4
1690,25,1,3,61,19,1,0,6,5,1,0,5
1691,22,1,3,61,18,0,0,8,5,1,1,8
1692,21,0,3,61,19,4,0,6,5,2,2,5
1693,23,1,3,61,20,1,0,4,5,1,1,6
1694,18,0,3,61,10,4,0,8,5,0,2,8
1695,22,1,3,61,5,2,1,6,5,1,1,5
1696,21,1,3,61,4,4,0,8,5,2,0,5
1697,19,1,3,61,8,4,0,6,5,2,0,7
1698,19,1,3,61,8,4,0,6,5,2,0,7
1699,24,0,3,61,1,4,0,8,5,1,0,3
1700,31,1,3,61,3,5,0,8,5,1,0,4
1701,22,1,3,61,6,1,1,6,5,2,0,8
1702,23,1,3,61,5,1,1,7,5,1,2,7
1703,22,1,3,61,10,4,0,5,5,2,0,9
1704,23,0,3,61,5,5,0,7,5,0,4,8
1705,19,1,3,61,8,5,0,4,5,1,1,9
1706,24,1,3,61,7,5,0,7,5,0,4,8
1707,22,1,3,61,4,4,1,6,5,0,3,4
1708,21,0,3,61,3,1,0,7,5,2,1,5
1709,20,0,3,61,8,3,1,9,5,1,0,7
1710,19,1,3,61,6,4,0,7,5,2,0,7
1711,24,1,3,61,5,1,1,6,5,2,1,8
1712,25,0,3,61,6,0,0,8,5,1,1,8
1713,20,1,3,61,7,4,1,5,5,2,0,10
1714,22,1,3,61,15,1,0,8,5,0,2,5
1715,25,1,3,61,4,0,0,6,5,2,0,6
1716,23,1,3,61,5,1,0,4,5,1,0,7
1717,23,1,3,61,4,4,1,8,5,2,0,5
1718,22,1,3,61,5,2,0,8,5,1,0,4
1719,20,1,3,61,10,4,1,2,5,2,4,10
1720,21,0,3,61,4,4,0,7,5,2,1,4
1721,18,0,3,61,2,5,0,8,5,2,0,3
1722,22,0,3,61,16,4,0,8,5,1,1,5
1723,21,1,3,61,8,0,0,5,5,1,0,3
1724,22,1,3,61,4,4,1,7,5,1,2,6
1725,21,1,3,61,5,4,0,6,5,2,1,4
1726,21,1,3,61,15,1,0,8,5,2,0,5
1727,23,1,3,61,4,4,1,8,5,2,0,5
1728,22,1,3,61,5,4,1,6,5,2,0,10000
1729,22,1,3,61,6,1,1,5,5,1,3,9
1730,22,1,3,61,4,4,1,6,5,2,0,8
1731,19,0,3,61,3,4,1,7,5,2,1,4
1732,22,1,3,61,7,3,0,9,5,0,1,6
1733,33,1,3,61,4,0,0,7,5,1,1,3
1734,21,1,3,61,4,4,0,8,5,2,0,8
1735,24,1,3,61,6,0,1,3,5,2,2,8
1736,23,0,3,61,5,1,1,8,5,1,2,8
1737,22,0,3,61,6,1,1,8,5,0,1,7
1738,22,1,3,61,8,2,1,8,5,2,0,7
1739,21,1,3,61,7,5,0,9,5,2,0,5
1740,21,0,3,61,10,1,1,7,5,1,2,9
1741,22,1,3,61,7,4,1,6,5,2,1,9
1742,21,1,3,61,7,1,0,6,5,1,0,6
1743,24,1,3,61,5,1,1,6,5,2,1,6
1744,22,1,3,61,10,1,1,7,5,2,1,9
1745,27,1,3,61,4,0,0,8,5,2,1,4
1746,21,1,3,61,5,1,0,7,5,2,0,1
1747,30,1,3,61,6,1,0,6,5,1,1,7
1748,20,0,3,61,8,4,0,7,5,1,2,7
1749,21,0,3,61,15,1,1,6,5,0,1,10
1750,22,1,3,61,9,0,1,6,5,2,4,9
1751,28,1,3,61,4,0,0,7,5,2,0,3
1752,20,1,3,61,7,5,1,6,5,2,2,9
1753,22,1,3,61,5,2,1,6,5,1,1,5
1754,20,1,3,61,18,2,0,18,5,1,0,15
1755,21,1,3,61,6,4,0,10,5,2,0,6
1756,21,1,3,61,5,4,1,7,5,2,0,8
1757,15,0,3,61,6,4,1,5,5,2,2,8
1758,23,1,3,61,7,4,0,5,5,1,2,9
1759,19,1,3,61,5,1,0,7,5,2,1,4
1760,22,1,3,61,3,4,0,8,5,1,0,7
1761,22,1,3,61,3,0,0,8,5,2,1,3
1762,24,0,3,61,7,4,0,8,5,1,0,4
1763,20,1,3,61,4,1,0,7,5,1,0,2
1764,21,0,3,61,6,1,0,10,5,1,0,2
1765,22,0,3,61,4,4,0,9,5,1,0,2
1766,21,1,3,61,5,4,1,8,5,1,0,3
1767,21,1,3,61,7,0,1,6,5,2,0,7
1768,24,1,3,61,12,0,0,6,5,1,0,7
1769,23,1,3,61,5,4,0,6,5,2,0,8
1770,24,1,3,61,5,1,0,3,5,2,3,7
1771,10,1,3,61,2,1,1,8,5,2,0,7
1772,20,1,3,61,8,1,1,7,5,2,0,8
1773,18,0,3,61,4,1,1,7,2,2,2,7
1774,22,0,3,61,5,1,1,7,1,2,7,2
1775,20,0,3,61,4,2,1,7,3,2,7,3
1776,18,1,3,61,2,2,0,7,1,0,5,1
1777,16,0,2,61,3,0,1,6,3,2,4,6
1778,16,1,2,61,4,3,1,6,7,2,1,7
1779,24,1,3,61,3,3,0,8,3,2,5,9
1780,17,1,2,61,4,2,0,5,9,2,4,6
1781,21,1,3,61,2,2,1,6,6,2,4,9
1782,25,1,3,61,3,2,1,6,6,1,3,2
1783,23,0,3,61,5,0,1,8,9,1,2,8
1784,21,0,3,61,4,2,0,7,6,2,3,2
1785,23,0,3,61,4,2,0,6,2,2,8,7
1786,18,1,3,61,3,2,0,9,1,2,7,4
1787,20,1,3,61,3,2,0,7,1,2,4,3
1788,23,1,3,61,4,0,0,6,2,2,4,6
1789,21,1,3,61,5,0,1,6,10,2,9,4
1790,20,1,3,61,5,3,0,8,1,2,4,4
1791,25,0,3,61,4,1,0,7,7,0,6,7
1792,19,0,3,61,4,1,0,9,2,2,7,2
1793,16,0,3,61,4,0,0,5,10,2,5,7
1794,16,0,3,61,5,0,1,8,3,2,7,3
1795,19,0,3,61,2,4,0,8,1,2,7,8
1796,21,0,3,61,5,1,1,7,6,2,3,2
1797,21,1,3,61,2,1,1,6,1,2,5,6
1798,20,1,3,61,4,1,0,8,7,1,5,1
1799,24,0,3,61,2,1,0,8,4,2,4,6
1800,20,0,3,61,5,4,1,5,9,2,7,6
1801,22,1,3,61,3,1,1,7,6,2,5,7
1802,25,1,3,61,4,1,0,6,8,2,2,1
1803,20,0,3,61,2,0,0,5,3,2,2,1
1804,23,1,3,61,2,2,0,8,10,0,4,9
1805,21,0,3,61,3,2,0,8,5,0,7,7
1806,21,0,3,61,3,2,1,9,7,2,3,6
1807,21,0,3,61,4,3,1,8,10,2,1,3
1808,22,1,3,61,2,4,0,4,1,2,5,1
1809,27,1,1,61,2,1,0,8,9,1,1,2
1810,22,0,3,61,4,2,0,9,3,1,4,2
1811,20,1,3,61,2,2,1,8,2,2,1,8
1812,23,0,3,61,4,2,0,6,2,2,4,5
1813,22,1,3,61,3,3,0,8,7,2,2,5
1814,20,0,3,61,4,2,0,7,9,2,7,3
1815,18,1,3,61,4,4,0,7,4,2,0,5
1816,21,0,3,61,3,4,0,8,10,2,4,8
1817,19,0,3,61,4,3,0,8,3,1,9,3
1818,22,1,3,61,6,0,1,8,6,0,3,9
1819,20,0,3,61,3,0,1,6,5,2,5,1
1820,21,1,3,61,4,0,1,6,6,0,7,5
1821,17,0,2,61,6,0,1,5,10,2,5,4
1822,18,1,3,61,3,0,0,5,5,2,7,7
1823,24,0,3,61,2,0,0,5,9,2,3,8
1824,24,1,3,61,5,4,1,7,2,2,3,3
1825,20,0,3,61,9,0,0,8,5,2,3,2
1826,25,0,3,61,2,2,0,7,2,2,3,6
1827,18,0,3,61,5,2,0,7,7,0,5,6
1828,24,0,3,61,6,1,1,9,2,0,2,6
1829,25,0,3,61,4,2,0,6,9,2,7,6
1830,21,1,3,61,3,0,0,5,8,2,6,3
1831,17,1,2,61,3,2,1,3,10,2,2,7
1832,20,0,3,61,3,2,1,9,7,2,3,4
1833,24,1,3,61,5,2,1,5,7,0,6,2
1834,21,1,3,61,1,2,1,4,4,2,3,4
1835,25,1,3,61,5,3,1,4,5,1,5,1
1836,19,1,3,61,4,1,1,6,1,1,4,4
1837,17,1,2,61,3,1,0,10,8,2,1,3
1838,19,0,3,61,5,2,0,6,1,1,4,4
1839,15,1,0,61,5,3,0,7,2,2,6,5
1840,21,1,3,61,4,2,1,3,7,2,6,8
1841,13,0,0,61,6,1,0,3,7,2,8,7
1842,20,0,3,61,2,2,1,4,7,2,4,3
1843,21,0,3,61,2,4,1,6,8,1,1,1
1844,21,1,3,61,1,4,1,6,7,1,3,4
1845,13,1,0,61,5,3,0,8,6,0,1,6
1846,19,1,3,61,2,4,0,6,9,1,4,9
1847,21,0,3,61,5,4,0,5,4,2,8,4
1848,19,0,3,61,7,0,0,3,4,0,6,8
1849,19,0,3,61,4,3,1,6,5,0,8,5
1850,16,0,2,61,6,2,0,9,7,2,8,2
1851,21,1,3,61,3,4,1,9,10,0,6,3
1852,21,0,3,61,7,4,0,5,5,2,9,3
1853,21,0,3,61,3,4,1,8,9,2,5,9
1854,21,1,3,61,4,2,0,8,5,0,3,7
1855,21,1,3,61,6,2,0,9,6,2,8,2
1856,21,0,3,61,2,2,1,7,5,2,6,6
1857,19,1,3,61,4,2,0,6,4,2,6,2
1858,20,0,3,61,8,0,1,7,3,2,8,6
1859,21,1,3,61,1,4,0,8,6,1,0,1
1860,19,1,3,61,4,3,0,8,7,0,7,9
1861,15,0,0,61,1,2,1,6,9,2,9,8
1862,25,1,3,61,6,0,1,8,1,2,6,6
1863,18,0,3,61,6,2,1,6,5,2,2,2
1864,21,0,3,61,1,1,1,5,4,2,7,7
1865,20,0,3,61,3,1,1,6,1,2,2,3
1866,21,1,3,61,4,2,1,6,2,2,4,2
1867,15,1,0,61,4,2,1,8,1,2,8,3
1868,13,0,0,61,4,1,0,9,2,2,5,8
1869,21,1,3,61,3,0,0,7,2,2,2,8
1870,20,1,3,61,3,0,0,9,1,2,4,4
1871,20,0,3,61,2,4,1,6,8,2,2,6
1872,21,1,3,61,5,2,0,7,7,2,8,5
1873,16,1,2,61,5,2,0,8,4,0,3,4
1874,21,1,3,61,3,0,1,8,3,0,9,8
1875,21,0,3,61,8,0,0,7,1,1,3,9
1876,17,1,2,61,2,2,0,6,6,0,7,8
1877,19,1,3,61,5,1,0,9,2,1,4,4
1878,21,0,3,61,1,1,1,9,4,2,4,8
1879,20,0,3,61,6,2,0,7,6,2,5,8
1880,19,1,3,61,7,4,1,4,2,2,5,2
1881,21,0,3,61,2,2,1,8,3,2,8,3
1882,14,0,0,61,4,4,1,8,6,2,2,3
1883,19,1,3,61,4,0,1,10,8,2,3,9
1884,21,0,3,61,2,1,0,8,5,0,3,8
1885,16,0,2,61,4,1,0,7,6,1,5,1
1886,21,0,2,61,2,1,0,5.5,5,1,0,4
1887,19,1,2,61,4,0,1,5,7,0,0,8
1888,19,1,1,61,6,6,1,4,3,1,1,10
1889,19,0,1,61,8,11,1,7.5,9,1,1,10
1890,20,1,2,61,8.5,6,1,6.5,8,1,1,10
1891,19,0,2,61,4.5,1,1,3.5,4,0,0,9
1892,19,1,2,61,3,1,0,4.5,4,1,0,6
1893,22,0,1,61,1,6,1,6,9,1,1,6
1894,20,0,2,61,6.5,6,1,7.5,6,1,0,10
1895,20,0,0,61,3.5,4,1,11,4,0,1,10
1896,20,1,0,61,1.5,1,0,4.5,4,0,0,3
1897,21,1,1,61,2.5,1,0,7.5,8,1,0,5
1898,25,1,2,61,1.5,11,0,6,6,1,0,3
1899,21,1,2,61,4,6,1,8,3,0,1,10
1900,21,1,2,61,5,6,1,4,6,0,0,10
1901,21,0,2,61,3,6,1,8,5,1,1,10
1902,21,1,2,61,6,6,1,7,4,0,1,10
1903,21,1,2,61,5.5,6,1,8,7,0,1,10
1904,18,0,0,61,4,1,1,6,4,0,0,8
1905,22,1,1,61,10,1,1,6,9,1,1,10
1906,20,1,1,61,3,6,1,9,8,0,1,10
1907,21,1,2,61,12,12,1,7,9,1,1,10
1908,19,0,0,61,9.5,6,1,8.5,10,0,1,10
1909,21,1,1,61,10,6,1,3,2,0,1,10
1910,20,1,0,61,5,6,1,5.5,10,1,0,10
1911,20,1,2,61,7,6,1,11.5,10,1,1,10
1912,20,0,0,61,4,0,1,6.5,5,1,0,8
1913,19,1,1,61,2.5,6,1,3,4,0,1,9
1914,22,1,2,61,6,6,1,7,7,1,1,10
1915,20,0,2,61,2.5,12,0,7.5,6,1,0,5
1916,20,2,0,61,12,4,1,0,10,2,0,10
1917,20,0,2,61,4,1,1,7,3,1,1,10
1918,23,0,2,212,5,1,1,9,9,0,1,10
1919,20,1,2,61,4.5,6,1,8,8,1,1,10
1920,25,0,2,61,3,11,1,6.5,8,1,1,10
1921,16,0,1,61,2,6,1,7.5,10,0,1,8
1922,43,1,0,61,0.5,12,1,4.5,5,0,1,5
1923,17,1,0,61,4,12,1,8,8,0,1,10
1924,24,1,0,61,5,6,1,7,6,1,1,10
1925,20,1,2,61,3.5,12,1,7,7,0,1,10
1926,18,1,2,61,6,6,1,6,3,0,1,10
1927,18,0,2,61,4.5,6,1,6,6,0,1,10
1928,20,0,2,61,4,6,1,6,8,0,0,8
1929,21,1,0,212,2,6,1,7.5,8,1,1,8
1930,20,1,1,61,1.5,6,0,5,2,1,0,3
1931,20,0,2,61,12,6,1,0,1,0,1,10
1932,22,0,2,61,3.5,6,1,8,8,0,0,7
1933,24,0,0,61,3,12,0,7,10,0,0,6
1934,23,0,0,61,4.5,6,1,7,7,0,1,10
1935,21,1,2,61,4,6,1,8,8,1,0,8
1936,20,0,2,212,0,6,0,0,1,0,0,0
1937,23,1,1,61,5.5,6,1,6,1,1,0,10
1938,42,1,1,61,4,6,1,9.5,5,1,1,10
1939,17,1,1,61,4,6,1,8,10,0,0,8
1940,22,0,2,61,8,1,1,8.5,8,0,1,10
1941,20,0,2,61,12,6,1,0,10,2,0,10
1942,17,0,1,61,3,6,0,7,10,1,0,6
1943,17,1,1,61,2.5,6,0,5,6,1,0,5
1944,21,0,1,61,3,6,1,8,8,0,1,10
1945,19,1,1,61,5,6,1,5.5,7,1,0,10
1946,21,1,2,61,5,6,1,8,3,0,0,10
1947,26,1,0,61,3.5,1,1,7,2,0,1,10
1948,20,0,0,61,8.5,1,1,8,8,0,1,10
1949,21,1,2,61,5,6,1,8,10,0,0,10
1950,20,0,2,61,8,6,1,9.5,8,0,1,10
1951,20,1,2,61,9.5,6,1,10,2,0,0,10
1952,25,0,0,61,5,11,1,5.5,4,1,0,10
1953,20,0,0,61,3,6,0,8.5,4,0,0,6
